,0,1
0,002495.XSHE,2.83
1,603189.XSHG,12.22
2,600552.XSHG,4.09
3,002825.XSHE,14.04
4,002124.XSHE,4.42
5,600333.XSHG,5.16
6,300292.XSHE,3.87
7,300218.XSHE,6.33
8,002715.XSHE,14.35
9,300645.XSHE,30.58
10,300580.XSHE,14.2
11,601002.XSHG,6.09
12,600563.XSHG,46.37
13,000514.XSHE,4.12
14,002789.XSHE,16.42
15,000899.XSHE,4.08
16,603399.XSHG,13.18
17,603611.XSHG,13.42
18,000929.XSHE,6.43
19,603778.XSHG,4.4
20,002519.XSHE,3.82
21,601198.XSHG,10.14
22,300214.XSHE,4.57
23,600125.XSHG,8.37
24,002077.XSHE,4.49
25,600309.XSHG,48.09
26,002910.XSHE,18.02
27,300596.XSHE,28.31
28,603727.XSHG,13.45
29,002357.XSHE,6.15
30,002391.XSHE,11.15
31,002928.XSHE,22.83
32,603321.XSHG,7.83
33,002037.XSHE,7.99
34,300412.XSHE,8.5
35,002597.XSHE,17.05
36,300543.XSHE,16.2
37,600137.XSHG,13.78
38,603311.XSHG,10.63
39,601390.XSHG,7.21
40,300633.XSHE,30.5
41,002464.XSHE,12.53
42,600323.XSHG,13.93
43,300722.XSHE,36.48
44,600268.XSHG,4.12
45,000903.XSHE,2.6
46,000972.XSHE,3.07
47,002774.XSHE,10.88
48,000861.XSHE,2.58
49,300129.XSHE,3.16
50,600435.XSHG,7.78
51,002237.XSHE,8.74
52,603516.XSHG,25.71
53,300488.XSHE,30.28
54,002429.XSHE,2.16
55,300659.XSHE,22.66
56,300548.XSHE,36.25
57,300174.XSHE,18.69
58,002489.XSHE,2.93
59,603258.XSHG,17.0
60,601020.XSHG,10.52
61,002537.XSHE,9.77
62,002644.XSHE,8.62
63,600159.XSHG,2.58
64,000541.XSHE,5.89
65,603685.XSHG,15.75
66,300170.XSHE,9.96
67,300088.XSHE,5.55
68,603757.XSHG,22.35
69,600099.XSHG,6.46
70,603707.XSHG,21.23
71,002563.XSHE,10.85
72,603520.XSHG,20.52
73,600693.XSHG,5.31
74,300336.XSHE,4.62
75,603586.XSHG,13.18
76,600683.XSHG,4.3
77,603986.XSHG,110.0
78,300264.XSHE,5.57
79,002330.XSHE,4.66
80,002223.XSHE,18.77
81,603363.XSHG,13.13
82,603508.XSHG,35.63
83,300037.XSHE,21.06
84,002436.XSHE,4.29
85,603959.XSHG,17.86
86,300293.XSHE,8.16
87,603005.XSHG,20.19
88,002767.XSHE,13.51
89,300168.XSHE,18.97
90,603003.XSHG,8.16
91,600276.XSHG,65.68
92,002922.XSHE,22.3
93,300038.XSHE,10.17
94,603725.XSHG,12.69
95,002154.XSHE,3.14
96,002630.XSHE,6.54
97,002370.XSHE,12.55
98,603758.XSHG,7.08
99,002915.XSHE,23.66
100,603678.XSHG,21.36
101,300073.XSHE,23.95
102,601126.XSHG,5.02
103,000060.XSHE,4.55
104,600841.XSHG,8.13
105,600329.XSHG,17.42
106,600720.XSHG,7.8
107,000913.XSHE,9.97
108,000509.XSHE,2.92
109,603926.XSHG,15.58
110,000776.XSHE,13.49
111,603579.XSHG,49.98
112,002492.XSHE,5.64
113,300231.XSHE,7.46
114,300188.XSHE,19.38
115,002194.XSHE,3.92
116,300587.XSHE,17.12
117,002531.XSHE,4.04
118,000999.XSHE,26.32
119,002632.XSHE,7.47
120,600993.XSHG,14.79
121,601890.XSHG,4.22
122,300473.XSHE,33.26
123,000810.XSHE,6.76
124,002187.XSHE,8.0
125,002230.XSHE,31.55
126,300471.XSHE,7.65
127,300089.XSHE,5.55
128,002932.XSHE,66.3
129,002694.XSHE,5.18
130,600009.XSHG,54.3
131,002376.XSHE,16.99
132,002143.XSHE,3.07
133,603580.XSHG,16.88
134,603813.XSHG,21.45
135,300223.XSHE,21.59
136,002035.XSHE,10.15
137,603711.XSHG,16.12
138,000878.XSHE,9.1
139,002831.XSHE,48.26
140,002610.XSHE,2.1
141,002214.XSHE,5.7
142,600771.XSHG,37.63
143,002083.XSHE,5.43
144,002352.XSHE,38.5
145,600893.XSHG,24.08
146,600067.XSHG,3.97
147,600167.XSHG,8.7
148,603816.XSHG,50.2
149,300196.XSHE,10.29
150,300308.XSHE,44.96
151,600793.XSHG,17.3
152,300711.XSHE,21.02
153,603055.XSHG,12.34
154,300076.XSHE,4.79
155,002785.XSHE,8.07
156,300151.XSHE,5.77
157,000100.XSHE,2.8
158,002338.XSHE,11.98
159,600237.XSHG,3.73
160,002469.XSHE,4.13
161,000686.XSHE,6.14
162,002596.XSHE,8.15
163,603050.XSHG,12.79
164,601005.XSHG,2.03
165,000906.XSHE,4.82
166,300237.XSHE,6.83
167,000921.XSHE,8.43
168,603036.XSHG,12.45
169,600530.XSHG,5.17
170,600459.XSHG,12.22
171,002299.XSHE,17.53
172,603131.XSHG,13.74
173,002647.XSHE,17.66
174,000760.XSHE,3.33
175,601949.XSHG,4.23
176,300255.XSHE,4.86
177,002807.XSHE,5.53
178,002574.XSHE,5.22
179,300653.XSHE,52.3
180,002290.XSHE,10.09
181,000429.XSHE,7.81
182,000669.XSHE,5.71
183,603181.XSHG,16.05
184,002215.XSHE,8.08
185,603031.XSHG,14.22
186,002479.XSHE,5.01
187,600584.XSHG,15.09
188,000815.XSHE,8.63
189,603038.XSHG,17.82
190,601006.XSHG,8.34
191,601233.XSHG,18.05
192,300451.XSHE,16.95
193,603032.XSHG,20.86
194,600782.XSHG,6.3
195,000920.XSHE,5.83
196,002856.XSHE,26.46
197,600218.XSHG,5.45
198,002260.XSHE,3.01
199,300603.XSHE,27.3
200,603040.XSHG,26.98
201,002779.XSHE,17.78
202,002033.XSHE,7.14
203,600350.XSHG,4.31
204,601618.XSHG,3.44
205,300159.XSHE,7.32
206,600410.XSHG,7.82
207,002889.XSHE,26.37
208,300516.XSHE,33.0
209,002581.XSHE,7.65
210,002222.XSHE,11.93
211,300604.XSHE,43.99
212,300091.XSHE,9.66
213,300709.XSHE,31.35
214,601158.XSHG,5.44
215,300005.XSHE,3.33
216,600233.XSHG,11.75
217,002666.XSHE,3.85
218,000589.XSHE,3.39
219,002066.XSHE,7.52
220,000010.XSHE,4.6
221,002038.XSHE,34.71
222,603218.XSHG,15.74
223,002449.XSHE,11.82
224,600888.XSHG,5.39
225,000019.XSHE,8.9
226,600761.XSHG,9.91
227,002700.XSHE,9.69
228,300068.XSHE,12.6
229,603456.XSHG,6.57
230,002293.XSHE,10.98
231,002861.XSHE,19.47
232,600315.XSHG,30.12
233,601137.XSHG,7.96
234,002341.XSHE,11.41
235,002787.XSHE,9.25
236,603868.XSHG,49.01
237,603318.XSHG,12.58
238,002810.XSHE,14.68
239,603366.XSHG,4.12
240,300321.XSHE,13.34
241,600652.XSHG,4.49
242,300262.XSHE,5.2
243,600885.XSHG,19.96
244,000539.XSHE,4.37
245,002320.XSHE,13.77
246,601216.XSHG,3.11
247,002108.XSHE,4.67
248,300414.XSHE,16.15
249,600448.XSHG,3.56
250,603368.XSHG,31.8
251,002321.XSHE,5.81
252,300484.XSHE,11.28
253,002459.XSHE,12.04
254,601222.XSHG,4.75
255,600735.XSHG,5.14
256,600756.XSHG,19.82
257,600481.XSHG,3.37
258,603519.XSHG,7.54
259,000952.XSHE,10.97
260,000862.XSHE,3.36
261,002902.XSHE,22.88
262,002396.XSHE,18.33
263,300300.XSHE,11.92
264,601718.XSHG,3.76
265,600470.XSHG,3.98
266,300686.XSHE,13.17
267,002845.XSHE,16.89
268,002646.XSHE,12.87
269,603006.XSHG,10.26
270,600798.XSHG,3.5
271,600059.XSHG,7.32
272,002931.XSHE,31.86
273,002114.XSHE,8.4
274,000976.XSHE,4.48
275,600664.XSHG,3.76
276,600511.XSHG,26.25
277,002292.XSHE,6.48
278,601515.XSHG,7.85
279,600962.XSHG,8.55
280,300742.XSHE,51.38
281,603855.XSHG,8.7
282,000657.XSHE,6.61
283,600829.XSHG,7.22
284,300634.XSHE,30.8
285,002892.XSHE,26.5
286,600433.XSHG,3.96
287,603985.XSHG,18.34
288,002236.XSHE,15.64
289,601996.XSHG,3.45
290,300387.XSHE,6.04
291,000987.XSHE,7.13
292,000821.XSHE,8.81
293,603378.XSHG,13.01
294,300143.XSHE,9.87
295,600774.XSHG,11.18
296,600396.XSHG,2.18
297,000548.XSHE,4.28
298,300032.XSHE,3.46
299,300053.XSHE,10.6
300,002353.XSHE,19.22
301,300165.XSHE,4.28
302,300039.XSHE,5.11
303,300287.XSHE,5.7
304,603330.XSHG,19.7
305,300259.XSHE,3.24
306,000035.XSHE,4.13
307,000560.XSHE,5.58
308,300622.XSHE,17.6
309,603116.XSHG,7.85
310,300154.XSHE,5.08
311,300167.XSHE,4.72
312,600111.XSHG,10.16
313,300265.XSHE,5.22
314,600383.XSHG,9.06
315,002343.XSHE,11.35
316,600725.XSHG,2.48
317,002365.XSHE,13.06
318,000838.XSHE,3.44
319,600707.XSHG,5.49
320,002140.XSHE,7.12
321,002853.XSHE,18.6
322,002017.XSHE,5.89
323,603227.XSHG,4.26
324,603726.XSHG,21.93
325,300421.XSHE,13.7
326,600845.XSHG,25.25
327,600478.XSHG,3.99
328,002111.XSHE,10.45
329,300664.XSHE,13.92
330,300340.XSHE,13.47
331,002665.XSHE,5.81
332,603616.XSHG,12.09
333,002706.XSHE,6.42
334,600616.XSHG,5.66
335,603666.XSHG,85.31
336,002811.XSHE,15.14
337,002805.XSHE,17.8
338,000517.XSHE,2.8
339,600008.XSHG,3.9
340,600777.XSHG,2.24
341,000032.XSHE,7.65
342,600308.XSHG,4.63
343,600525.XSHG,7.72
344,300455.XSHE,7.49
345,601007.XSHG,8.87
346,603200.XSHG,32.49
347,600766.XSHG,6.69
348,300066.XSHE,3.44
349,600379.XSHG,6.87
350,601700.XSHG,3.07
351,300205.XSHE,8.16
352,600792.XSHG,3.51
353,300234.XSHE,6.24
354,600667.XSHG,6.6
355,300142.XSHE,21.93
356,600846.XSHG,7.44
357,002061.XSHE,9.15
358,002509.XSHE,2.57
359,300064.XSHE,4.9
360,002911.XSHE,19.3
361,600207.XSHG,5.25
362,600089.XSHG,6.86
363,601898.XSHG,5.14
364,002011.XSHE,6.4
365,601999.XSHG,5.2
366,300434.XSHE,21.15
367,600839.XSHG,2.71
368,002679.XSHE,11.69
369,603633.XSHG,10.58
370,600757.XSHG,5.97
371,002577.XSHE,12.31
372,600586.XSHG,3.32
373,601579.XSHG,10.12
374,000530.XSHE,3.58
375,600868.XSHG,2.98
376,300592.XSHE,10.3
377,601318.XSHG,62.12
378,300282.XSHE,12.1
379,002120.XSHE,30.19
380,000552.XSHE,3.06
381,300637.XSHE,25.07
382,603559.XSHG,23.99
383,300360.XSHE,7.31
384,002205.XSHE,12.39
385,603326.XSHG,9.27
386,002686.XSHE,5.88
387,600773.XSHG,7.32
388,600243.XSHG,4.68
389,000811.XSHE,4.77
390,000816.XSHE,1.56
391,300137.XSHE,7.46
392,002078.XSHE,8.55
393,600073.XSHG,6.6
394,000733.XSHE,12.91
395,002249.XSHE,4.27
396,300383.XSHE,14.86
397,002590.XSHE,7.74
398,002060.XSHE,2.93
399,300485.XSHE,12.32
400,000520.XSHE,3.22
401,000839.XSHE,4.27
402,300562.XSHE,13.5
403,603596.XSHG,25.44
404,300021.XSHE,4.89
405,002451.XSHE,6.48
406,002835.XSHE,7.8
407,600070.XSHG,6.24
408,002530.XSHE,9.3
409,000421.XSHE,4.55
410,600239.XSHG,3.73
411,600269.XSHG,4.05
412,600722.XSHG,5.17
413,300607.XSHE,41.59
414,002829.XSHE,20.57
415,600636.XSHG,11.49
416,601818.XSHG,3.7
417,300509.XSHE,10.29
418,603658.XSHG,66.66
419,002503.XSHE,3.14
420,600698.XSHG,4.85
421,603277.XSHG,10.72
422,000851.XSHE,4.56
423,603113.XSHG,14.1
424,603730.XSHG,22.22
425,600518.XSHG,20.66
426,603019.XSHG,54.68
427,300285.XSHE,19.7
428,603077.XSHG,1.78
429,002345.XSHE,5.89
430,600119.XSHG,7.5
431,002417.XSHE,8.11
432,000738.XSHE,13.93
433,600249.XSHG,4.33
434,002463.XSHE,6.95
435,603896.XSHG,36.3
436,600486.XSHG,50.52
437,000673.XSHE,6.37
438,600108.XSHG,3.06
439,002262.XSHE,17.16
440,002010.XSHE,10.13
441,603027.XSHG,15.65
442,002294.XSHE,29.26
443,002649.XSHE,7.87
444,000793.XSHE,3.33
445,600251.XSHG,6.2
446,300447.XSHE,10.57
447,002208.XSHE,9.93
448,000687.XSHE,7.75
449,600415.XSHG,4.08
450,002589.XSHE,11.97
451,300747.XSHE,165.14
452,300534.XSHE,8.11
453,002181.XSHE,3.63
454,000543.XSHE,4.52
455,300134.XSHE,11.23
456,002380.XSHE,12.09
457,600611.XSHG,3.86
458,600499.XSHG,5.75
459,002491.XSHE,9.26
460,600816.XSHG,5.3
461,601633.XSHG,7.08
462,002075.XSHE,16.12
463,600028.XSHG,6.65
464,603239.XSHG,12.04
465,600507.XSHG,11.07
466,002752.XSHE,6.93
467,603663.XSHG,17.3
468,600170.XSHG,3.03
469,600220.XSHG,2.18
470,600004.XSHG,12.01
471,002360.XSHE,5.66
472,600436.XSHG,102.0
473,600843.XSHG,8.05
474,300732.XSHE,33.34
475,002585.XSHE,6.27
476,600080.XSHG,9.83
477,002039.XSHE,13.78
478,603991.XSHG,18.27
479,002652.XSHE,5.74
480,603701.XSHG,10.68
481,600834.XSHG,6.67
482,002860.XSHE,17.27
483,600919.XSHG,6.27
484,600330.XSHG,6.33
485,002837.XSHE,16.25
486,600556.XSHG,3.0
487,603690.XSHG,24.42
488,601019.XSHG,7.28
489,603989.XSHG,22.05
490,002513.XSHE,6.28
491,600107.XSHG,5.45
492,601968.XSHG,3.78
493,603199.XSHG,22.25
494,300371.XSHE,14.68
495,002442.XSHE,10.8
496,603169.XSHG,4.96
497,002550.XSHE,4.64
498,601258.XSHG,1.74
499,002366.XSHE,9.53
500,002478.XSHE,5.37
501,600400.XSHG,4.1
502,603916.XSHG,14.0
503,600277.XSHG,5.29
504,002447.XSHE,3.79
505,300019.XSHE,5.89
506,603060.XSHG,17.67
507,300515.XSHE,8.92
508,002025.XSHE,26.66
509,300394.XSHE,21.3
510,000030.XSHE,4.28
511,000716.XSHE,3.21
512,300624.XSHE,64.7
513,601368.XSHG,6.59
514,300216.XSHE,3.64
515,002483.XSHE,4.17
516,600594.XSHG,7.26
517,002163.XSHE,5.15
518,002182.XSHE,7.0
519,600763.XSHG,54.38
520,300184.XSHE,9.37
521,000553.XSHE,12.41
522,300341.XSHE,4.72
523,002848.XSHE,8.1
524,603601.XSHG,7.13
525,000739.XSHE,7.05
526,002873.XSHE,18.08
527,600267.XSHG,11.95
528,300156.XSHE,5.67
529,600780.XSHG,3.57
530,000962.XSHE,5.81
531,600255.XSHG,2.21
532,300249.XSHE,6.79
533,300155.XSHE,4.56
534,601107.XSHG,3.44
535,300726.XSHE,26.73
536,000612.XSHE,4.71
537,000157.XSHE,3.83
538,002127.XSHE,7.4
539,002411.XSHE,28.34
540,600992.XSHG,7.43
541,300200.XSHE,8.1
542,002746.XSHE,16.45
543,603099.XSHG,9.75
544,300337.XSHE,5.57
545,600960.XSHG,6.42
546,603937.XSHG,14.85
547,002857.XSHE,11.19
548,002500.XSHE,6.35
549,002736.XSHE,8.26
550,000533.XSHE,3.12
551,600597.XSHG,9.59
552,000950.XSHE,7.51
553,002245.XSHE,4.59
554,300294.XSHE,31.59
555,600386.XSHG,3.58
556,300326.XSHE,9.91
557,002118.XSHE,5.98
558,000061.XSHE,5.13
559,300462.XSHE,15.93
560,600392.XSHG,9.94
561,600527.XSHG,2.41
562,300681.XSHE,42.9
563,600567.XSHG,3.79
564,603023.XSHG,5.59
565,600758.XSHG,3.98
566,600031.XSHG,8.96
567,603536.XSHG,8.64
568,600006.XSHG,3.85
569,300097.XSHE,11.49
570,603178.XSHG,11.07
571,600891.XSHG,4.93
572,002121.XSHE,5.78
573,600366.XSHG,4.98
574,300508.XSHE,24.35
575,603885.XSHG,12.52
576,000933.XSHE,5.15
577,300391.XSHE,10.03
578,000736.XSHE,9.47
579,300069.XSHE,10.15
580,300520.XSHE,19.31
581,300070.XSHE,10.98
582,300502.XSHE,18.15
583,002591.XSHE,6.29
584,002317.XSHE,10.08
585,002717.XSHE,9.58
586,600149.XSHG,5.6
587,600131.XSHG,8.32
588,600388.XSHG,10.35
589,600110.XSHG,4.55
590,600372.XSHG,13.4
591,300702.XSHE,15.1
592,002708.XSHE,4.64
593,000005.XSHE,2.99
594,600739.XSHG,13.55
595,600857.XSHG,8.79
596,000561.XSHE,6.11
597,300597.XSHE,14.48
598,603496.XSHG,22.04
599,603538.XSHG,14.3
600,601717.XSHG,6.36
601,002448.XSHE,6.44
602,002225.XSHE,4.89
603,600265.XSHG,25.67
604,002890.XSHE,19.91
605,600827.XSHG,9.16
606,000518.XSHE,4.1
607,000877.XSHE,8.31
608,300334.XSHE,7.28
609,601058.XSHG,2.56
610,600201.XSHG,15.12
611,002815.XSHE,18.2
612,002231.XSHE,6.24
613,300519.XSHE,16.92
614,000422.XSHE,2.94
615,600232.XSHG,5.77
616,300719.XSHE,13.76
617,300737.XSHE,10.8
618,000751.XSHE,3.14
619,002233.XSHE,12.78
620,600272.XSHG,7.52
621,300131.XSHE,5.7
622,600230.XSHG,23.23
623,300631.XSHE,18.21
624,000909.XSHE,7.36
625,600336.XSHG,3.78
626,601117.XSHG,6.44
627,300364.XSHE,6.59
628,002691.XSHE,8.51
629,603188.XSHG,9.44
630,300422.XSHE,11.98
631,002112.XSHE,6.62
632,300569.XSHE,12.45
633,002138.XSHE,17.62
634,000707.XSHE,3.24
635,002885.XSHE,18.63
636,300324.XSHE,9.49
637,300098.XSHE,7.36
638,603650.XSHG,27.91
639,600662.XSHG,3.97
640,600579.XSHG,8.59
641,002285.XSHE,6.2
642,600259.XSHG,23.6
643,300396.XSHE,17.15
644,601908.XSHG,3.96
645,300572.XSHE,50.5
646,600872.XSHG,28.8
647,002507.XSHE,24.68
648,600712.XSHG,4.97
649,600362.XSHG,14.27
650,000504.XSHE,10.6
651,300146.XSHE,19.56
652,002145.XSHE,3.71
653,603041.XSHG,14.55
654,300206.XSHE,6.16
655,000510.XSHE,4.86
656,002555.XSHE,9.8
657,300047.XSHE,13.71
658,600622.XSHG,6.38
659,000066.XSHE,6.55
660,300052.XSHE,10.21
661,600590.XSHG,6.48
662,002523.XSHE,3.5
663,000037.XSHE,5.81
664,000410.XSHE,7.65
665,002514.XSHE,5.55
666,000735.XSHE,10.42
667,600984.XSHG,5.51
668,600165.XSHG,3.58
669,002901.XSHE,32.56
670,000880.XSHE,7.33
671,600755.XSHG,6.96
672,000973.XSHE,3.67
673,300389.XSHE,19.3
674,002335.XSHE,16.09
675,600216.XSHG,9.85
676,600581.XSHG,4.89
677,002361.XSHE,4.0
678,600163.XSHG,3.35
679,300423.XSHE,20.25
680,000428.XSHE,2.73
681,600887.XSHG,23.74
682,603360.XSHG,12.5
683,300017.XSHE,10.07
684,002751.XSHE,27.15
685,002424.XSHE,9.82
686,002780.XSHE,13.2
687,002012.XSHE,5.9
688,300118.XSHE,6.5
689,300639.XSHE,16.75
690,600815.XSHG,3.7
691,000417.XSHE,5.17
692,002628.XSHE,5.69
693,002329.XSHE,4.01
694,600082.XSHG,4.38
695,600475.XSHG,9.9
696,603936.XSHG,17.77
697,603683.XSHG,16.9
698,603717.XSHG,9.59
699,600580.XSHG,7.5
700,600010.XSHG,1.52
701,300190.XSHE,5.32
702,600526.XSHG,5.33
703,000419.XSHE,4.69
704,000965.XSHE,4.24
705,300583.XSHE,36.5
706,002594.XSHE,43.67
707,000863.XSHE,4.2
708,601231.XSHG,8.8
709,601555.XSHG,6.34
710,300350.XSHE,5.25
711,600737.XSHG,7.79
712,600215.XSHG,6.85
713,002105.XSHE,4.1
714,603798.XSHG,10.83
715,002723.XSHE,16.2
716,300441.XSHE,7.79
717,300705.XSHE,17.61
718,300232.XSHE,9.24
719,600654.XSHG,2.15
720,000931.XSHE,5.75
721,000936.XSHE,5.17
722,603507.XSHG,19.64
723,601882.XSHG,8.76
724,603660.XSHG,18.27
725,600569.XSHG,4.05
726,002839.XSHE,5.69
727,603299.XSHG,6.29
728,002195.XSHE,4.72
729,300446.XSHE,15.77
730,603929.XSHG,21.98
731,000788.XSHE,6.01
732,002064.XSHE,4.33
733,600866.XSHG,3.9
734,601888.XSHG,62.3
735,002398.XSHE,5.11
736,601991.XSHG,3.14
737,002372.XSHE,16.84
738,600598.XSHG,10.13
739,002602.XSHE,32.5
740,600680.XSHG,7.69
741,002022.XSHE,11.27
742,601218.XSHG,2.52
743,600178.XSHG,4.68
744,000833.XSHE,4.96
745,002099.XSHE,4.92
746,300415.XSHE,6.98
747,600358.XSHG,4.22
748,002158.XSHE,8.95
749,000979.XSHE,0.83
750,000777.XSHE,10.54
751,002534.XSHE,6.16
752,002410.XSHE,31.15
753,000046.XSHE,5.74
754,000581.XSHE,18.93
755,002648.XSHE,10.48
756,603380.XSHG,15.85
757,002456.XSHE,16.0
758,002786.XSHE,6.44
759,000551.XSHE,5.6
760,300733.XSHE,15.42
761,300720.XSHE,26.41
762,300602.XSHE,41.1
763,603118.XSHG,5.58
764,300512.XSHE,14.17
765,603595.XSHG,56.38
766,000819.XSHE,10.02
767,002007.XSHE,35.38
768,000783.XSHE,5.01
769,000897.XSHE,2.51
770,002801.XSHE,21.77
771,000856.XSHE,12.5
772,600079.XSHG,11.75
773,002238.XSHE,6.09
774,300528.XSHE,9.7
775,601600.XSHG,4.06
776,002180.XSHE,25.08
777,600604.XSHG,4.0
778,600127.XSHG,3.33
779,002869.XSHE,21.29
780,300325.XSHE,3.38
781,300010.XSHE,8.07
782,000663.XSHE,7.06
783,300100.XSHE,9.29
784,002209.XSHE,6.63
785,002336.XSHE,8.4
786,002404.XSHE,5.24
787,002608.XSHE,6.9
788,300474.XSHE,49.13
789,000713.XSHE,6.08
790,002461.XSHE,4.56
791,603039.XSHG,95.5
792,000680.XSHE,3.57
793,300026.XSHE,3.57
794,002524.XSHE,5.17
795,600882.XSHG,8.22
796,603966.XSHG,8.79
797,000638.XSHE,4.96
798,002494.XSHE,6.23
799,600126.XSHG,4.79
800,002259.XSHE,2.73
801,601928.XSHG,6.07
802,002862.XSHE,17.04
803,300393.XSHE,15.24
804,300567.XSHE,74.2
805,300149.XSHE,16.1
806,603100.XSHG,8.7
807,000968.XSHE,12.06
808,600050.XSHG,5.47
809,600338.XSHG,22.35
810,600550.XSHG,3.98
811,601519.XSHG,3.64
812,000016.XSHE,4.08
813,600689.XSHG,8.69
814,000026.XSHE,7.43
815,600422.XSHG,7.23
816,600292.XSHG,5.69
817,002493.XSHE,11.43
818,300698.XSHE,16.88
819,300486.XSHE,14.01
820,300304.XSHE,3.73
821,300713.XSHE,27.39
822,002769.XSHE,9.69
823,002539.XSHE,4.54
824,603056.XSHG,22.83
825,300650.XSHE,14.74
826,600203.XSHG,4.94
827,002006.XSHE,6.39
828,002016.XSHE,10.34
829,600278.XSHG,10.23
830,002919.XSHE,32.21
831,002473.XSHE,6.0
832,000990.XSHE,14.11
833,603920.XSHG,13.39
834,002103.XSHE,4.42
835,603016.XSHG,21.84
836,600446.XSHG,9.49
837,600117.XSHG,4.67
838,300401.XSHE,16.39
839,300121.XSHE,10.96
840,603906.XSHG,9.28
841,600881.XSHG,3.6
842,603825.XSHG,15.4
843,000955.XSHE,4.56
844,002306.XSHE,2.9
845,000498.XSHE,3.96
846,600298.XSHG,27.19
847,601636.XSHG,4.33
848,600892.XSHG,8.33
849,300429.XSHE,23.92
850,600678.XSHG,10.24
851,002790.XSHE,9.98
852,600601.XSHG,2.8
853,002642.XSHE,8.56
854,002063.XSHE,6.19
855,600723.XSHG,6.72
856,002792.XSHE,28.0
857,300493.XSHE,9.47
858,600824.XSHG,3.48
859,000725.XSHE,3.38
860,603105.XSHG,18.98
861,300328.XSHE,6.85
862,600136.XSHG,11.08
863,300236.XSHE,24.39
864,601869.XSHG,48.94
865,300078.XSHE,9.69
866,002080.XSHE,7.87
867,000528.XSHE,11.15
868,603938.XSHG,25.6
869,601880.XSHG,1.94
870,300229.XSHE,10.3
871,300363.XSHE,8.97
872,002657.XSHE,14.92
873,000607.XSHE,4.29
874,002726.XSHE,7.23
875,603398.XSHG,13.36
876,600533.XSHG,2.99
877,300195.XSHE,9.64
878,002858.XSHE,14.5
879,000670.XSHE,3.92
880,603429.XSHG,30.08
881,300027.XSHE,5.51
882,002149.XSHE,6.61
883,600967.XSHG,13.71
884,600753.XSHG,15.69
885,002462.XSHE,17.96
886,300110.XSHE,4.33
887,000036.XSHE,5.17
888,300529.XSHE,43.75
889,601919.XSHG,4.03
890,000759.XSHE,6.56
891,600186.XSHG,2.0
892,600999.XSHG,12.88
893,002465.XSHE,8.25
894,000600.XSHE,5.29
895,002725.XSHE,7.93
896,600900.XSHG,15.96
897,600287.XSHG,5.13
898,002692.XSHE,3.19
899,600775.XSHG,5.79
900,000034.XSHE,13.5
901,603396.XSHG,29.68
902,300278.XSHE,6.53
903,300469.XSHE,19.18
904,600836.XSHG,3.83
905,000529.XSHE,5.09
906,600495.XSHG,4.45
907,002840.XSHE,14.5
908,603779.XSHG,13.91
909,603085.XSHG,13.35
910,002542.XSHE,4.72
911,600754.XSHG,24.25
912,600978.XSHG,5.53
913,603883.XSHG,62.82
914,002261.XSHE,4.24
915,002538.XSHE,4.74
916,300560.XSHE,18.61
917,300225.XSHE,5.1
918,600512.XSHG,2.3
919,600617.XSHG,5.52
920,000800.XSHE,6.48
921,300309.XSHE,18.88
922,600113.XSHG,7.88
923,603336.XSHG,23.85
924,002925.XSHE,43.87
925,000623.XSHE,16.37
926,300656.XSHE,23.74
927,002742.XSHE,8.63
928,002505.XSHE,1.83
929,600139.XSHG,4.33
930,300087.XSHE,9.93
931,300169.XSHE,4.17
932,600795.XSHG,2.55
933,002504.XSHE,3.21
934,000859.XSHE,3.0
935,002611.XSHE,5.25
936,600405.XSHG,4.51
937,002696.XSHE,9.6
938,600908.XSHG,5.74
939,300359.XSHE,7.05
940,600382.XSHG,10.12
941,603301.XSHG,35.72
942,000573.XSHE,3.22
943,002128.XSHE,8.44
944,601086.XSHG,6.9
945,002385.XSHE,3.35
946,000501.XSHE,10.05
947,600346.XSHG,16.01
948,002300.XSHE,5.68
949,300197.XSHE,5.37
950,603308.XSHG,10.43
951,600051.XSHG,6.03
952,603260.XSHG,59.58
953,000752.XSHE,6.86
954,600515.XSHG,5.99
955,000667.XSHE,2.29
956,600595.XSHG,2.49
957,002662.XSHE,4.26
958,300743.XSHE,51.95
959,002793.XSHE,12.21
960,600503.XSHG,3.56
961,002020.XSHE,12.09
962,600103.XSHG,2.99
963,300059.XSHE,12.76
964,002670.XSHE,10.43
965,600036.XSHG,28.14
966,603076.XSHG,27.49
967,600655.XSHG,7.17
968,300166.XSHE,12.3
969,002511.XSHE,8.49
970,600688.XSHG,5.53
971,000430.XSHE,6.37
972,000608.XSHE,4.51
973,600209.XSHG,3.53
974,600641.XSHG,10.08
975,300147.XSHE,7.03
976,300591.XSHE,6.01
977,002674.XSHE,7.11
978,601997.XSHG,11.76
979,300566.XSHE,16.09
980,603776.XSHG,22.12
981,002678.XSHE,6.13
982,000558.XSHE,3.2
983,000923.XSHE,16.02
984,603803.XSHG,10.03
985,603889.XSHG,9.16
986,300267.XSHE,3.75
987,600076.XSHG,4.56
988,601727.XSHG,4.93
989,000790.XSHE,4.78
990,000505.XSHE,5.74
991,000333.XSHE,41.73
992,603322.XSHG,25.12
993,300178.XSHE,11.53
994,002703.XSHE,4.48
995,603811.XSHG,28.34
996,000413.XSHE,5.33
997,002497.XSHE,8.36
998,002288.XSHE,3.98
999,600048.XSHG,12.17
1000,600687.XSHG,3.96
1001,603180.XSHG,64.19
1002,600589.XSHG,4.37
1003,603168.XSHG,8.47
1004,600158.XSHG,8.46
1005,600053.XSHG,14.22
1006,603655.XSHG,17.05
1007,600185.XSHG,4.21
1008,002141.XSHE,3.99
1009,002660.XSHE,6.22
1010,603877.XSHG,22.5
1011,000957.XSHE,5.7
1012,600200.XSHG,6.92
1013,000850.XSHE,3.47
1014,603718.XSHG,7.85
1015,603365.XSHG,16.41
1016,002185.XSHE,5.08
1017,002308.XSHE,6.76
1018,300640.XSHE,10.08
1019,600016.XSHG,5.98
1020,002053.XSHE,7.84
1021,600035.XSHG,3.11
1022,002917.XSHE,24.96
1023,601985.XSHG,5.83
1024,000070.XSHE,7.45
1025,300660.XSHE,20.18
1026,601952.XSHG,8.57
1027,000985.XSHE,13.66
1028,300523.XSHE,67.18
1029,600587.XSHG,11.98
1030,603569.XSHG,13.03
1031,603557.XSHG,10.01
1032,000692.XSHE,3.16
1033,300117.XSHE,3.95
1034,000617.XSHE,10.99
1035,300708.XSHE,14.46
1036,002454.XSHE,4.88
1037,601398.XSHG,5.43
1038,000150.XSHE,16.3
1039,300306.XSHE,6.78
1040,002289.XSHE,6.07
1041,600929.XSHG,10.26
1042,601139.XSHG,6.01
1043,002307.XSHE,6.8
1044,600373.XSHG,10.78
1045,300437.XSHE,14.54
1046,000042.XSHE,16.6
1047,601857.XSHG,8.07
1048,600162.XSHG,2.2
1049,002702.XSHE,4.2
1050,300187.XSHE,9.32
1051,002740.XSHE,6.98
1052,600884.XSHG,16.66
1053,002156.XSHE,10.05
1054,300009.XSHE,14.1
1055,300537.XSHE,11.06
1056,601878.XSHG,6.65
1057,600686.XSHG,10.59
1058,002151.XSHE,24.53
1059,603626.XSHG,13.43
1060,000662.XSHE,5.16
1061,601099.XSHG,2.25
1062,000629.XSHE,2.98
1063,002669.XSHE,12.43
1064,000981.XSHE,5.63
1065,002830.XSHE,17.42
1066,300095.XSHE,5.58
1067,300406.XSHE,10.69
1068,601616.XSHG,3.08
1069,603026.XSHG,19.89
1070,300297.XSHE,7.35
1071,600497.XSHG,4.61
1072,600217.XSHG,6.13
1073,000587.XSHE,2.79
1074,600658.XSHG,5.12
1075,600897.XSHG,19.77
1076,600571.XSHG,7.47
1077,000677.XSHE,3.28
1078,300440.XSHE,5.86
1079,000672.XSHE,9.0
1080,603829.XSHG,11.64
1081,600529.XSHG,15.98
1082,000078.XSHE,3.77
1083,600389.XSHG,22.61
1084,600105.XSHG,3.82
1085,000524.XSHE,7.82
1086,300023.XSHE,4.96
1087,002278.XSHE,7.73
1088,300128.XSHE,3.58
1089,603138.XSHG,21.75
1090,002768.XSHE,25.55
1091,600516.XSHG,22.71
1092,601186.XSHG,10.42
1093,603977.XSHG,8.12
1094,002716.XSHE,7.98
1095,300409.XSHE,16.6
1096,600171.XSHG,10.63
1097,300215.XSHE,5.65
1098,600030.XSHG,16.09
1099,603126.XSHG,5.69
1100,300717.XSHE,17.2
1101,000688.XSHE,11.19
1102,002402.XSHE,7.26
1103,002113.XSHE,5.78
1104,002170.XSHE,3.09
1105,002311.XSHE,20.06
1106,002032.XSHE,49.35
1107,002280.XSHE,5.07
1108,002499.XSHE,9.92
1109,002087.XSHE,3.93
1110,002315.XSHE,13.38
1111,300680.XSHE,18.6
1112,002455.XSHE,5.39
1113,603518.XSHG,16.4
1114,002210.XSHE,6.53
1115,603466.XSHG,18.75
1116,002092.XSHE,8.61
1117,300735.XSHE,15.1
1118,002438.XSHE,6.35
1119,000554.XSHE,5.79
1120,600393.XSHG,2.76
1121,300235.XSHE,9.51
1122,601599.XSHG,3.4
1123,001896.XSHE,3.37
1124,300138.XSHE,5.77
1125,600643.XSHG,8.88
1126,603636.XSHG,8.87
1127,000951.XSHE,12.18
1128,000780.XSHE,3.54
1129,300378.XSHE,11.16
1130,002348.XSHE,3.71
1131,002905.XSHE,14.93
1132,600202.XSHG,3.41
1133,002622.XSHE,2.94
1134,002661.XSHE,12.48
1135,600704.XSHG,4.97
1136,002173.XSHE,10.96
1137,600538.XSHG,3.96
1138,000519.XSHE,7.68
1139,002476.XSHE,4.21
1140,002048.XSHE,11.1
1141,603387.XSHG,44.96
1142,002778.XSHE,18.1
1143,300510.XSHE,24.48
1144,000971.XSHE,4.15
1145,600796.XSHG,6.11
1146,002838.XSHE,17.15
1147,300500.XSHE,22.59
1148,000953.XSHE,4.06
1149,600551.XSHG,8.08
1150,002506.XSHE,4.82
1151,300175.XSHE,3.83
1152,300367.XSHE,9.27
1153,603090.XSHG,13.78
1154,002490.XSHE,4.29
1155,601200.XSHG,14.17
1156,002169.XSHE,4.25
1157,000601.XSHE,4.25
1158,600195.XSHG,12.11
1159,002605.XSHE,7.37
1160,600370.XSHG,2.75
1161,603928.XSHG,14.06
1162,601111.XSHG,7.59
1163,300630.XSHE,59.72
1164,600223.XSHG,2.79
1165,000797.XSHE,4.79
1166,000982.XSHE,1.53
1167,600703.XSHG,15.85
1168,002183.XSHE,6.04
1169,603588.XSHG,8.87
1170,002089.XSHE,3.61
1171,002663.XSHE,2.71
1172,300270.XSHE,8.09
1173,600184.XSHG,12.44
1174,300322.XSHE,9.74
1175,002546.XSHE,3.78
1176,002705.XSHE,7.98
1177,002378.XSHE,6.23
1178,000038.XSHE,12.54
1179,600649.XSHG,5.74
1180,000409.XSHE,4.16
1181,002175.XSHE,3.73
1182,600610.XSHG,1.52
1183,002397.XSHE,4.82
1184,002739.XSHE,52.04
1185,300375.XSHE,6.26
1186,300482.XSHE,34.27
1187,601798.XSHG,4.7
1188,603818.XSHG,7.79
1189,300123.XSHE,10.53
1190,600225.XSHG,3.0
1191,300224.XSHE,6.4
1192,601377.XSHG,4.46
1193,002375.XSHE,5.26
1194,300209.XSHE,12.82
1195,600235.XSHG,4.66
1196,300693.XSHE,16.35
1197,002026.XSHE,5.25
1198,600116.XSHG,6.83
1199,002055.XSHE,11.97
1200,002588.XSHE,4.69
1201,002797.XSHE,5.18
1202,300046.XSHE,16.04
1203,000062.XSHE,19.29
1204,603605.XSHG,42.09
1205,000576.XSHE,5.32
1206,600387.XSHG,9.24
1207,600226.XSHG,5.93
1208,600152.XSHG,4.94
1209,000803.XSHE,13.2
1210,002302.XSHE,14.07
1211,002405.XSHE,20.14
1212,002733.XSHE,9.4
1213,300107.XSHE,12.91
1214,000795.XSHE,4.15
1215,001696.XSHE,4.57
1216,603106.XSHG,13.82
1217,300521.XSHE,9.65
1218,300303.XSHE,2.86
1219,300133.XSHE,9.52
1220,600860.XSHG,4.97
1221,603861.XSHG,11.09
1222,002543.XSHE,11.23
1223,600019.XSHG,7.69
1224,603828.XSHG,7.92
1225,603001.XSHG,11.36
1226,600463.XSHG,6.45
1227,300096.XSHE,6.4
1228,002806.XSHE,21.42
1229,600851.XSHG,8.3
1230,600012.XSHG,5.47
1231,600838.XSHG,6.73
1232,000729.XSHE,6.17
1233,603421.XSHG,17.85
1234,000599.XSHE,4.57
1235,600694.XSHG,28.7
1236,603288.XSHG,66.35
1237,603008.XSHG,15.73
1238,300202.XSHE,8.91
1239,600663.XSHG,15.31
1240,002333.XSHE,15.31
1241,300498.XSHE,20.68
1242,000166.XSHE,4.43
1243,002799.XSHE,12.69
1244,000525.XSHE,14.36
1245,002176.XSHE,7.53
1246,002110.XSHE,18.93
1247,603978.XSHG,24.6
1248,000584.XSHE,9.49
1249,300141.XSHE,7.35
1250,300008.XSHE,3.36
1251,002318.XSHE,6.12
1252,600476.XSHG,15.86
1253,000820.XSHE,8.5
1254,000983.XSHE,6.49
1255,600890.XSHG,8.97
1256,002578.XSHE,3.48
1257,300288.XSHE,15.15
1258,002882.XSHE,10.45
1259,600332.XSHG,36.68
1260,601607.XSHG,21.4
1261,000540.XSHE,7.35
1262,002093.XSHE,7.47
1263,600461.XSHG,5.8
1264,300678.XSHE,22.0
1265,002689.XSHE,3.3
1266,600510.XSHG,5.73
1267,000715.XSHE,6.24
1268,300319.XSHE,5.69
1269,002427.XSHE,8.44
1270,600576.XSHG,4.97
1271,300689.XSHE,31.9
1272,002728.XSHE,15.35
1273,000778.XSHE,4.93
1274,002599.XSHE,10.11
1275,000017.XSHE,3.9
1276,600325.XSHG,7.14
1277,300377.XSHE,14.66
1278,002217.XSHE,5.9
1279,300343.XSHE,9.87
1280,300549.XSHE,13.28
1281,300171.XSHE,6.55
1282,002549.XSHE,4.71
1283,600519.XSHG,666.21
1284,600822.XSHG,10.06
1285,600520.XSHG,15.6
1286,600768.XSHG,11.04
1287,603233.XSHG,44.38
1288,300015.XSHE,31.66
1289,603208.XSHG,23.5
1290,002688.XSHE,4.97
1291,601375.XSHG,4.14
1292,002344.XSHE,4.76
1293,002202.XSHE,12.25
1294,300589.XSHE,11.81
1295,600702.XSHG,26.68
1296,603919.XSHG,14.98
1297,000597.XSHE,12.51
1298,001965.XSHE,8.24
1299,600537.XSHG,3.31
1300,002400.XSHE,3.02
1301,300295.XSHE,12.99
1302,300119.XSHE,9.19
1303,002274.XSHE,5.74
1304,300576.XSHE,13.89
1305,002755.XSHE,16.25
1306,300467.XSHE,26.65
1307,002387.XSHE,10.72
1308,603268.XSHG,15.16
1309,300238.XSHE,10.29
1310,600458.XSHG,8.24
1311,002351.XSHE,6.12
1312,600109.XSHG,6.81
1313,002731.XSHE,15.29
1314,000911.XSHE,6.37
1315,000932.XSHE,9.26
1316,300320.XSHE,5.44
1317,002115.XSHE,9.01
1318,600212.XSHG,3.9
1319,002781.XSHE,15.12
1320,300080.XSHE,4.97
1321,601611.XSHG,7.84
1322,603871.XSHG,39.59
1323,603878.XSHG,13.22
1324,300444.XSHE,7.8
1325,002627.XSHE,9.06
1326,600817.XSHG,6.81
1327,600582.XSHG,3.82
1328,000011.XSHE,11.7
1329,000898.XSHE,6.06
1330,600331.XSHG,2.55
1331,000555.XSHE,11.61
1332,600909.XSHG,5.12
1333,002413.XSHE,5.75
1334,600256.XSHG,4.46
1335,002512.XSHE,9.7
1336,300291.XSHE,5.48
1337,603599.XSHG,12.41
1338,002881.XSHE,18.87
1339,600466.XSHG,5.56
1340,002722.XSHE,14.66
1341,300464.XSHE,7.73
1342,300450.XSHE,23.4
1343,600261.XSHG,3.5
1344,002841.XSHE,61.42
1345,601988.XSHG,3.55
1346,300517.XSHE,14.91
1347,002090.XSHE,13.39
1348,000099.XSHE,6.0
1349,002749.XSHE,39.05
1350,002782.XSHE,13.37
1351,600132.XSHG,26.39
1352,000918.XSHE,6.05
1353,600101.XSHG,6.9
1354,000701.XSHE,6.92
1355,600156.XSHG,4.28
1356,300369.XSHE,9.3
1357,300585.XSHE,10.49
1358,600449.XSHG,8.75
1359,002323.XSHE,1.31
1360,300241.XSHE,6.57
1361,300162.XSHE,5.1
1362,603958.XSHG,8.78
1363,000632.XSHE,4.51
1364,300641.XSHE,5.91
1365,002819.XSHE,28.5
1366,300501.XSHE,18.83
1367,603079.XSHG,19.74
1368,000831.XSHE,9.67
1369,603768.XSHG,12.78
1370,300067.XSHE,5.59
1371,000049.XSHE,26.3
1372,002229.XSHE,6.2
1373,600000.XSHG,10.24
1374,600871.XSHG,1.97
1375,300514.XSHE,11.55
1376,601016.XSHG,2.7
1377,600166.XSHG,1.85
1378,603568.XSHG,27.07
1379,002271.XSHE,15.28
1380,300721.XSHE,24.06
1381,002331.XSHE,7.47
1382,002824.XSHE,10.38
1383,300420.XSHE,4.25
1384,300302.XSHE,9.15
1385,600176.XSHG,10.37
1386,002682.XSHE,4.81
1387,000758.XSHE,4.08
1388,002263.XSHE,2.29
1389,600699.XSHG,24.33
1390,002876.XSHE,41.08
1391,002612.XSHE,10.39
1392,300124.XSHE,26.14
1393,002435.XSHE,8.33
1394,603183.XSHG,22.06
1395,300553.XSHE,32.23
1396,300723.XSHE,31.63
1397,300581.XSHE,12.58
1398,300710.XSHE,27.31
1399,603259.XSHG,87.09
1400,300431.XSHE,11.9
1401,601998.XSHG,5.98
1402,000762.XSHE,9.8
1403,600513.XSHG,6.68
1404,000158.XSHE,5.37
1405,300636.XSHE,18.66
1406,300316.XSHE,12.55
1407,600311.XSHG,2.87
1408,002388.XSHE,4.95
1409,002088.XSHE,12.84
1410,002122.XSHE,1.72
1411,600189.XSHG,4.23
1412,603226.XSHG,17.19
1413,600545.XSHG,7.77
1414,002363.XSHE,5.39
1415,002130.XSHE,4.1
1416,002159.XSHE,20.67
1417,603686.XSHG,16.57
1418,002248.XSHE,7.7
1419,300317.XSHE,6.03
1420,603136.XSHG,28.93
1421,002319.XSHE,16.81
1422,002355.XSHE,7.17
1423,603797.XSHG,12.77
1424,600496.XSHG,3.01
1425,600764.XSHG,31.77
1426,601163.XSHG,12.57
1427,300111.XSHE,2.74
1428,300628.XSHE,61.11
1429,300466.XSHE,6.83
1430,601828.XSHG,13.25
1431,600378.XSHG,10.4
1432,600828.XSHG,5.19
1433,600288.XSHG,7.1
1434,300368.XSHE,6.04
1435,600853.XSHG,3.58
1436,600833.XSHG,9.65
1437,002199.XSHE,7.09
1438,600697.XSHG,21.21
1439,603316.XSHG,8.52
1440,002600.XSHE,2.85
1441,600509.XSHG,4.14
1442,603177.XSHG,11.6
1443,000040.XSHE,11.8
1444,300269.XSHE,6.85
1445,300531.XSHE,14.28
1446,600819.XSHG,3.96
1447,601966.XSHG,15.83
1448,600498.XSHG,29.6
1449,600848.XSHG,21.67
1450,002443.XSHE,6.87
1451,603228.XSHG,57.6
1452,600933.XSHG,9.36
1453,300345.XSHE,4.36
1454,603712.XSHG,20.69
1455,000582.XSHE,8.49
1456,300258.XSHE,13.21
1457,300323.XSHE,11.83
1458,603628.XSHG,8.83
1459,002896.XSHE,31.42
1460,000690.XSHE,7.29
1461,600508.XSHG,11.0
1462,000571.XSHE,3.43
1463,601238.XSHG,10.22
1464,603656.XSHG,16.57
1465,600896.XSHG,3.66
1466,000020.XSHE,11.78
1467,600521.XSHG,18.9
1468,600017.XSHG,3.05
1469,600090.XSHG,5.47
1470,300346.XSHE,11.76
1471,603838.XSHG,10.03
1472,601619.XSHG,5.04
1473,603298.XSHG,12.11
1474,603266.XSHG,13.46
1475,002526.XSHE,4.4
1476,600869.XSHG,4.53
1477,603817.XSHG,7.31
1478,002643.XSHE,8.49
1479,300745.XSHE,48.6
1480,000592.XSHE,2.73
1481,603890.XSHG,15.52
1482,601958.XSHG,6.13
1483,000937.XSHE,4.08
1484,002812.XSHE,39.88
1485,000635.XSHE,12.73
1486,000697.XSHE,17.03
1487,300692.XSHE,15.36
1488,600183.XSHG,10.85
1489,002126.XSHE,7.38
1490,002730.XSHE,9.05
1491,002521.XSHE,6.05
1492,000682.XSHE,3.46
1493,000023.XSHE,12.05
1494,000503.XSHE,19.19
1495,300016.XSHE,8.61
1496,300715.XSHE,20.02
1497,600523.XSHG,8.07
1498,603313.XSHG,15.3
1499,300403.XSHE,5.68
1500,300248.XSHE,5.42
1501,603393.XSHG,34.62
1502,600864.XSHG,4.05
1503,002803.XSHE,30.35
1504,603881.XSHG,31.74
1505,300716.XSHE,13.06
1506,300043.XSHE,3.63
1507,002094.XSHE,7.68
1508,002727.XSHE,24.3
1509,600368.XSHG,3.38
1510,002043.XSHE,6.7
1511,603955.XSHG,16.35
1512,002422.XSHE,27.37
1513,002165.XSHE,3.8
1514,002515.XSHE,4.83
1515,000018.XSHE,2.7
1516,002558.XSHE,20.01
1517,300011.XSHE,6.53
1518,002535.XSHE,3.64
1519,600487.XSHG,23.27
1520,002566.XSHE,6.59
1521,002522.XSHE,4.8
1522,002776.XSHE,12.46
1523,002559.XSHE,7.0
1524,000090.XSHE,5.84
1525,300160.XSHE,4.66
1526,601330.XSHG,16.23
1527,300113.XSHE,15.39
1528,002216.XSHE,6.43
1529,000912.XSHE,6.79
1530,000547.XSHE,8.5
1531,002350.XSHE,6.26
1532,300706.XSHE,32.98
1533,300074.XSHE,3.21
1534,603356.XSHG,15.35
1535,600879.XSHG,6.73
1536,600770.XSHG,5.74
1537,600738.XSHG,7.51
1538,300443.XSHE,8.33
1539,600285.XSHG,8.36
1540,603839.XSHG,13.07
1541,000536.XSHE,2.45
1542,000089.XSHE,7.95
1543,002761.XSHE,21.42
1544,600283.XSHG,10.7
1545,002339.XSHE,6.95
1546,603899.XSHG,30.8
1547,002201.XSHE,6.37
1548,600987.XSHG,9.58
1549,000723.XSHE,3.55
1550,002480.XSHE,6.43
1551,600690.XSHG,14.89
1552,600870.XSHG,2.4
1553,300691.XSHE,25.67
1554,002565.XSHE,4.71
1555,000506.XSHE,3.12
1556,600760.XSHG,37.62
1557,600173.XSHG,4.17
1558,600821.XSHG,5.1
1559,300353.XSHE,11.78
1560,603657.XSHG,45.4
1561,603602.XSHG,30.7
1562,002177.XSHE,3.4
1563,002384.XSHE,16.0
1564,603990.XSHG,32.49
1565,300050.XSHE,5.4
1566,300665.XSHE,10.83
1567,002699.XSHE,15.5
1568,002683.XSHE,8.62
1569,002295.XSHE,6.36
1570,600353.XSHG,4.71
1571,000050.XSHE,11.6
1572,002347.XSHE,3.91
1573,000875.XSHE,2.86
1574,603059.XSHG,30.16
1575,300424.XSHE,21.57
1576,603996.XSHG,8.29
1577,002866.XSHE,13.39
1578,000948.XSHE,9.92
1579,300506.XSHE,18.44
1580,002625.XSHE,9.42
1581,603766.XSHG,4.97
1582,002613.XSHE,3.06
1583,600369.XSHG,3.61
1584,601588.XSHG,3.72
1585,002119.XSHE,9.37
1586,600650.XSHG,9.96
1587,600011.XSHG,7.28
1588,600345.XSHG,24.52
1589,603980.XSHG,13.09
1590,000637.XSHE,3.97
1591,000338.XSHE,8.1
1592,600086.XSHG,10.04
1593,300219.XSHE,9.88
1594,600025.XSHG,2.79
1595,300274.XSHE,6.97
1596,300532.XSHE,12.82
1597,002056.XSHE,6.68
1598,603777.XSHG,11.58
1599,600783.XSHG,9.59
1600,600240.XSHG,8.1
1601,002855.XSHE,9.06
1602,000055.XSHE,4.77
1603,002765.XSHE,7.01
1604,600549.XSHG,13.64
1605,002690.XSHE,22.08
1606,300161.XSHE,11.02
1607,002392.XSHE,3.71
1608,300527.XSHE,7.7
1609,000537.XSHE,8.81
1610,002052.XSHE,3.8
1611,600995.XSHG,7.41
1612,600151.XSHG,4.2
1613,600801.XSHG,19.47
1614,600898.XSHG,9.35
1615,300376.XSHE,4.77
1616,600548.XSHG,8.39
1617,300590.XSHE,23.22
1618,603043.XSHG,25.81
1619,603022.XSHG,8.36
1620,603669.XSHG,11.68
1621,603767.XSHG,7.39
1622,300658.XSHE,13.4
1623,300538.XSHE,19.06
1624,300003.XSHE,32.06
1625,601169.XSHG,5.79
1626,002818.XSHE,24.74
1627,002073.XSHE,5.57
1628,600029.XSHG,6.62
1629,002750.XSHE,6.13
1630,300217.XSHE,2.42
1631,002639.XSHE,5.85
1632,300318.XSHE,4.52
1633,000545.XSHE,3.76
1634,300617.XSHE,22.77
1635,002296.XSHE,6.19
1636,600776.XSHG,4.94
1637,002868.XSHE,16.45
1638,300065.XSHE,13.43
1639,002487.XSHE,3.71
1640,600020.XSHG,3.57
1641,000559.XSHE,6.05
1642,601028.XSHG,6.3
1643,600115.XSHG,5.64
1644,002533.XSHE,4.78
1645,603848.XSHG,16.5
1646,000613.XSHE,8.13
1647,600143.XSHG,4.7
1648,600468.XSHG,5.75
1649,603876.XSHG,20.41
1650,002298.XSHE,6.68
1651,603858.XSHG,27.23
1652,002713.XSHE,18.56
1653,600665.XSHG,3.7
1654,002283.XSHE,3.67
1655,600809.XSHG,46.48
1656,603773.XSHG,55.55
1657,600555.XSHG,3.31
1658,000766.XSHE,7.5
1659,600958.XSHG,8.63
1660,000883.XSHE,4.02
1661,002823.XSHE,11.37
1662,601208.XSHG,3.74
1663,300132.XSHE,13.06
1664,600377.XSHG,8.93
1665,300006.XSHE,4.15
1666,002582.XSHE,9.01
1667,600718.XSHG,11.75
1668,002314.XSHE,3.14
1669,600858.XSHG,5.35
1670,300578.XSHE,15.63
1671,002247.XSHE,5.93
1672,002287.XSHE,27.26
1673,002062.XSHE,4.03
1674,600376.XSHG,6.82
1675,000756.XSHE,6.5
1676,000676.XSHE,11.42
1677,603698.XSHG,14.83
1678,603638.XSHG,30.12
1679,000786.XSHE,17.89
1680,002607.XSHE,7.13
1681,300252.XSHE,9.72
1682,300729.XSHE,24.0
1683,600681.XSHG,12.7
1684,000502.XSHE,6.32
1685,603587.XSHG,26.37
1686,300627.XSHE,22.2
1687,603389.XSHG,14.63
1688,002564.XSHE,6.29
1689,002927.XSHE,28.7
1690,002626.XSHE,14.43
1691,300122.XSHE,43.2
1692,300116.XSHE,2.24
1693,600426.XSHG,16.94
1694,600721.XSHG,5.65
1695,000988.XSHE,13.8
1696,600058.XSHG,7.29
1697,600371.XSHG,7.51
1698,300568.XSHE,30.08
1699,600106.XSHG,3.13
1700,600489.XSHG,6.61
1701,300339.XSHE,12.78
1702,600326.XSHG,7.05
1703,300101.XSHE,13.2
1704,000563.XSHE,2.83
1705,600121.XSHG,3.58
1706,600438.XSHG,6.66
1707,600745.XSHG,30.5
1708,603309.XSHG,10.23
1709,603011.XSHG,4.42
1710,603922.XSHG,16.1
1711,002371.XSHE,53.26
1712,002471.XSHE,2.98
1713,600889.XSHG,5.14
1714,600713.XSHG,4.68
1715,002228.XSHE,6.67
1716,300379.XSHE,13.71
1717,603289.XSHG,9.72
1718,002394.XSHE,9.85
1719,603286.XSHG,15.23
1720,600247.XSHG,5.08
1721,300667.XSHE,28.36
1722,600191.XSHG,4.44
1723,000408.XSHE,11.75
1724,002636.XSHE,8.68
1725,002009.XSHE,9.75
1726,002570.XSHE,4.86
1727,000895.XSHE,23.38
1728,600064.XSHG,7.34
1729,002047.XSHE,5.66
1730,300071.XSHE,3.25
1731,601326.XSHG,3.59
1732,300061.XSHE,6.6
1733,002655.XSHE,6.87
1734,002916.XSHE,74.82
1735,600660.XSHG,25.78
1736,600865.XSHG,6.3
1737,300093.XSHE,6.74
1738,300518.XSHE,45.85
1739,002864.XSHE,38.2
1740,600018.XSHG,5.43
1741,002635.XSHE,15.09
1742,002034.XSHE,15.08
1743,600608.XSHG,5.21
1744,000048.XSHE,23.25
1745,600606.XSHG,6.39
1746,601003.XSHG,8.34
1747,603123.XSHG,6.05
1748,603567.XSHG,12.9
1749,000727.XSHE,1.74
1750,600855.XSHG,10.77
1751,600733.XSHG,52.69
1752,603888.XSHG,16.16
1753,002629.XSHE,4.64
1754,002634.XSHE,4.12
1755,601155.XSHG,26.2
1756,603826.XSHG,12.56
1757,600903.XSHG,18.59
1758,603345.XSHG,37.4
1759,002675.XSHE,8.94
1760,000828.XSHE,7.47
1761,300668.XSHE,18.71
1762,002327.XSHE,8.09
1763,002437.XSHE,4.24
1764,000719.XSHE,7.14
1765,600335.XSHG,10.53
1766,600282.XSHG,4.3
1767,000826.XSHE,13.48
1768,600814.XSHG,5.9
1769,601388.XSHG,2.42
1770,600356.XSHG,6.18
1771,603283.XSHG,22.61
1772,600281.XSHG,3.91
1773,000063.XSHE,18.15
1774,002076.XSHE,3.24
1775,002441.XSHE,7.11
1776,300109.XSHE,17.06
1777,000596.XSHE,78.6
1778,002434.XSHE,10.0
1779,600811.XSHG,4.28
1780,000695.XSHE,8.64
1781,002676.XSHE,3.12
1782,601212.XSHG,3.92
1783,600979.XSHG,3.9
1784,600066.XSHG,15.13
1785,601226.XSHG,3.87
1786,603637.XSHG,12.48
1787,600352.XSHG,10.43
1788,600085.XSHG,31.72
1789,002220.XSHE,3.3
1790,000779.XSHE,11.9
1791,603214.XSHG,47.12
1792,300261.XSHE,4.57
1793,603612.XSHG,14.61
1794,300120.XSHE,6.35
1795,300355.XSHE,5.25
1796,002313.XSHE,20.6
1797,300649.XSHE,24.96
1798,600744.XSHG,2.7
1799,600094.XSHG,4.83
1800,002872.XSHE,10.13
1801,600339.XSHG,4.82
1802,300608.XSHE,18.47
1803,300625.XSHE,17.42
1804,600638.XSHG,8.19
1805,300222.XSHE,16.81
1806,600234.XSHG,7.36
1807,600805.XSHG,5.08
1808,600418.XSHG,4.94
1809,002498.XSHE,2.14
1810,601106.XSHG,2.86
1811,603689.XSHG,10.63
1812,002571.XSHE,5.58
1813,000858.XSHE,61.97
1814,603355.XSHG,26.88
1815,603359.XSHG,17.2
1816,002399.XSHE,18.09
1817,002527.XSHE,6.23
1818,002900.XSHE,14.14
1819,300470.XSHE,49.58
1820,603880.XSHG,15.3
1821,603819.XSHG,15.18
1822,000685.XSHE,7.31
1823,300738.XSHE,46.61
1824,002757.XSHE,29.41
1825,603088.XSHG,11.51
1826,600988.XSHG,4.63
1827,300271.XSHE,14.48
1828,002148.XSHE,5.97
1829,002254.XSHE,11.96
1830,300251.XSHE,8.19
1831,300079.XSHE,3.66
1832,002049.XSHE,43.35
1833,002445.XSHE,4.94
1834,600293.XSHG,4.44
1835,300661.XSHE,98.63
1836,600996.XSHG,7.15
1837,300313.XSHE,9.7
1838,603912.XSHG,13.9
1839,600118.XSHG,17.98
1840,002753.XSHE,11.94
1841,000025.XSHE,26.72
1842,600227.XSHG,3.34
1843,000402.XSHE,6.9
1844,603960.XSHG,31.23
1845,002557.XSHE,14.76
1846,603386.XSHG,23.49
1847,601788.XSHG,10.0
1848,300199.XSHE,11.29
1849,300063.XSHE,3.24
1850,300739.XSHE,22.81
1851,300366.XSHE,8.51
1852,300263.XSHE,4.89
1853,600759.XSHG,3.94
1854,600894.XSHG,5.75
1855,002561.XSHE,8.62
1856,300135.XSHE,2.62
1857,300492.XSHE,22.65
1858,600612.XSHG,33.92
1859,603822.XSHG,24.66
1860,603676.XSHG,14.97
1861,000557.XSHE,4.11
1862,000564.XSHE,3.04
1863,002877.XSHE,15.17
1864,600095.XSHG,4.02
1865,603696.XSHG,15.16
1866,000809.XSHE,2.66
1867,300505.XSHE,23.92
1868,600198.XSHG,6.14
1869,300125.XSHE,16.25
1870,300655.XSHE,19.18
1871,600179.XSHG,9.21
1872,000807.XSHE,5.45
1873,002833.XSHE,40.55
1874,300347.XSHE,53.83
1875,600966.XSHG,4.0
1876,600271.XSHG,29.92
1877,603527.XSHG,12.21
1878,601838.XSHG,8.78
1879,603968.XSHG,17.16
1880,600543.XSHG,7.42
1881,603338.XSHG,52.33
1882,002517.XSHE,4.79
1883,600536.XSHG,30.02
1884,300552.XSHE,16.8
1885,601881.XSHG,7.35
1886,002645.XSHE,10.74
1887,600423.XSHG,4.83
1888,603600.XSHG,7.33
1889,603630.XSHG,16.41
1890,600961.XSHG,6.66
1891,002656.XSHE,9.61
1892,002171.XSHE,5.8
1893,600197.XSHG,17.98
1894,002906.XSHE,12.1
1895,600573.XSHG,6.12
1896,600477.XSHG,4.57
1897,000835.XSHE,4.3
1898,300731.XSHE,30.5
1899,603129.XSHG,16.53
1900,603668.XSHG,8.38
1901,601990.XSHG,8.44
1902,002368.XSHE,33.95
1903,300593.XSHE,16.22
1904,600380.XSHG,9.94
1905,600462.XSHG,2.58
1906,000722.XSHE,5.84
1907,300551.XSHE,12.05
1908,603517.XSHG,39.63
1909,600175.XSHG,2.5
1910,002450.XSHE,17.08
1911,600730.XSHG,4.6
1912,300489.XSHE,13.15
1913,002891.XSHE,30.42
1914,300102.XSHE,6.3
1915,601989.XSHG,4.16
1916,300191.XSHE,18.08
1917,002457.XSHE,8.09
1918,600280.XSHG,8.4
1919,603898.XSHG,21.79
1920,002204.XSHE,3.17
1921,600666.XSHG,3.56
1922,002174.XSHE,15.23
1923,002337.XSHE,3.16
1924,601799.XSHG,49.99
1925,002567.XSHE,4.52
1926,002275.XSHE,14.27
1927,600740.XSHG,9.57
1928,600901.XSHG,6.88
1929,600810.XSHG,19.23
1930,002813.XSHE,25.97
1931,600926.XSHG,7.88
1932,300670.XSHE,35.57
1933,002667.XSHE,6.1
1934,002709.XSHE,23.07
1935,000737.XSHE,3.13
1936,002421.XSHE,3.57
1937,600505.XSHG,4.75
1938,000960.XSHE,10.06
1939,603329.XSHG,20.22
1940,000059.XSHE,6.78
1941,600647.XSHG,11.94
1942,600854.XSHG,4.05
1943,002551.XSHE,5.59
1944,000065.XSHE,8.36
1945,603917.XSHG,12.37
1946,000420.XSHE,2.23
1947,000919.XSHE,6.8
1948,300139.XSHE,9.14
1949,002359.XSHE,18.31
1950,300611.XSHE,10.56
1951,300094.XSHE,5.89
1952,002340.XSHE,5.58
1953,300358.XSHE,9.36
1954,300115.XSHE,10.14
1955,002899.XSHE,21.7
1956,603017.XSHG,10.41
1957,002698.XSHE,8.09
1958,000901.XSHE,9.96
1959,000721.XSHE,4.18
1960,300180.XSHE,10.86
1961,603015.XSHG,6.45
1962,002096.XSHE,5.81
1963,300557.XSHE,25.4
1964,600266.XSHG,8.65
1965,600083.XSHG,18.26
1966,002737.XSHE,18.91
1967,300454.XSHE,98.2
1968,300386.XSHE,12.56
1969,300354.XSHE,8.93
1970,002637.XSHE,7.81
1971,603716.XSHG,17.09
1972,300504.XSHE,27.92
1973,603897.XSHG,27.36
1974,603703.XSHG,8.26
1975,000159.XSHE,3.81
1976,600976.XSHG,18.5
1977,603999.XSHG,5.58
1978,000655.XSHE,3.45
1979,002068.XSHE,7.92
1980,000890.XSHE,4.82
1981,601021.XSHG,33.39
1982,603358.XSHG,18.01
1983,600691.XSHG,2.63
1984,002132.XSHE,2.98
1985,002178.XSHE,4.19
1986,601009.XSHG,7.31
1987,002322.XSHE,10.55
1988,300511.XSHE,8.05
1989,603203.XSHG,22.92
1990,601010.XSHG,2.87
1991,002029.XSHE,6.7
1992,600289.XSHG,2.65
1993,600566.XSHG,39.95
1994,300695.XSHE,58.3
1995,300609.XSHE,28.1
1996,300652.XSHE,19.18
1997,600886.XSHG,7.34
1998,000798.XSHE,5.87
1999,601608.XSHG,2.78
2000,601038.XSHG,5.18
2001,603809.XSHG,16.75
2002,600242.XSHG,13.08
2003,603179.XSHG,19.31
2004,601328.XSHG,5.65
2005,603987.XSHG,6.13
2006,000703.XSHE,16.68
2007,000531.XSHE,4.86
2008,000925.XSHE,5.39
2009,603608.XSHG,8.84
2010,002501.XSHE,3.64
2011,002164.XSHE,2.83
2012,300561.XSHE,17.28
2013,600062.XSHG,16.08
2014,600791.XSHG,3.76
2015,600007.XSHG,14.36
2016,002870.XSHE,16.74
2017,002079.XSHE,5.69
2018,603335.XSHG,6.22
2019,603895.XSHG,30.03
2020,300525.XSHE,21.03
2021,002920.XSHE,21.23
2022,600213.XSHG,7.0
2023,603315.XSHG,11.12
2024,002232.XSHE,7.81
2025,300283.XSHE,4.34
2026,300479.XSHE,13.86
2027,000650.XSHE,7.32
2028,000702.XSHE,5.37
2029,000151.XSHE,11.95
2030,002117.XSHE,14.65
2031,300662.XSHE,25.75
2032,601015.XSHG,6.56
2033,000966.XSHE,2.89
2034,002828.XSHE,14.75
2035,603081.XSHG,10.8
2036,000977.XSHE,27.47
2037,300130.XSHE,11.16
2038,002419.XSHE,11.04
2039,603722.XSHG,30.36
2040,002134.XSHE,6.21
2041,000989.XSHE,14.72
2042,300312.XSHE,8.53
2043,603505.XSHG,12.39
2044,002101.XSHE,8.11
2045,600717.XSHG,7.46
2046,603688.XSHG,12.42
2047,000927.XSHE,3.15
2048,002282.XSHE,9.54
2049,000869.XSHE,37.0
2050,603166.XSHG,6.03
2051,603603.XSHG,16.29
2052,300221.XSHE,9.0
2053,000939.XSHE,1.29
2054,300461.XSHE,23.9
2055,603323.XSHG,6.43
2056,300741.XSHE,33.03
2057,002466.XSHE,36.7
2058,600618.XSHG,7.4
2059,002226.XSHE,5.42
2060,000710.XSHE,44.51
2061,300459.XSHE,7.82
2062,600444.XSHG,10.39
2063,300028.XSHE,0.77
2064,600856.XSHG,4.14
2065,600260.XSHG,19.61
2066,000893.XSHE,3.92
2067,603585.XSHG,22.12
2068,603733.XSHG,20.67
2069,601858.XSHG,9.15
2070,000043.XSHE,6.9
2071,603589.XSHG,48.52
2072,002014.XSHE,5.94
2073,600675.XSHG,5.2
2074,603859.XSHG,16.08
2075,600876.XSHG,13.83
2076,002362.XSHE,17.48
2077,002859.XSHE,35.07
2078,002903.XSHE,26.13
2079,300210.XSHE,3.98
2080,002658.XSHE,7.4
2081,002532.XSHE,4.76
2082,601808.XSHG,10.48
2083,300621.XSHE,10.58
2084,603887.XSHG,14.09
2085,002684.XSHE,7.14
2086,600973.XSHG,3.78
2087,601677.XSHG,9.78
2088,600022.XSHG,1.77
2089,300458.XSHE,23.78
2090,600998.XSHG,15.19
2091,000403.XSHE,26.96
2092,002123.XSHE,8.16
2093,600071.XSHG,9.79
2094,600628.XSHG,6.85
2095,600122.XSHG,7.45
2096,300712.XSHE,15.97
2097,002024.XSHE,12.79
2098,002573.XSHE,11.55
2099,300626.XSHE,7.99
2100,002529.XSHE,8.76
2101,600483.XSHG,8.26
2102,002712.XSHE,16.48
2103,002166.XSHE,7.8
2104,002516.XSHE,3.48
2105,000755.XSHE,4.43
2106,002184.XSHE,10.13
2107,000626.XSHE,7.04
2108,601558.XSHG,1.15
2109,300463.XSHE,23.66
2110,600812.XSHG,4.5
2111,002393.XSHE,22.86
2112,300522.XSHE,18.71
2113,600847.XSHG,11.07
2114,000823.XSHE,7.38
2115,300382.XSHE,6.23
2116,300413.XSHE,37.27
2117,300082.XSHE,5.55
2118,300657.XSHE,29.88
2119,601101.XSHG,6.65
2120,300539.XSHE,8.01
2121,603566.XSHG,14.61
2122,600199.XSHG,5.26
2123,600724.XSHG,3.51
2124,300475.XSHE,9.0
2125,600997.XSHG,6.07
2126,000717.XSHE,7.21
2127,300373.XSHE,25.85
2128,300106.XSHE,7.22
2129,002374.XSHE,3.72
2130,600668.XSHG,12.95
2131,600742.XSHG,10.15
2132,600585.XSHG,36.95
2133,300499.XSHE,12.45
2134,002241.XSHE,8.93
2135,601339.XSHG,5.35
2136,600981.XSHG,4.13
2137,600273.XSHG,9.03
2138,002190.XSHE,17.3
2139,002316.XSHE,8.38
2140,002057.XSHE,6.27
2141,002518.XSHE,7.23
2142,603269.XSHG,15.18
2143,002303.XSHE,5.4
2144,002528.XSHE,3.85
2145,002160.XSHE,4.54
2146,603161.XSHG,17.0
2147,000002.XSHE,23.55
2148,300245.XSHE,9.18
2149,002586.XSHE,4.77
2150,300388.XSHE,8.57
2151,600651.XSHG,3.71
2152,600317.XSHG,2.32
2153,600367.XSHG,8.35
2154,000836.XSHE,4.1
2155,601128.XSHG,6.01
2156,603159.XSHG,20.25
2157,002653.XSHE,13.93
2158,600657.XSHG,3.82
2159,000651.XSHE,38.46
2160,002745.XSHE,17.2
2161,601992.XSHG,3.65
2162,600023.XSHG,4.88
2163,603111.XSHG,4.3
2164,600275.XSHG,2.52
2165,000636.XSHE,16.38
2166,002474.XSHE,7.77
2167,300696.XSHE,26.8
2168,300244.XSHE,18.48
2169,603033.XSHG,16.47
2170,601069.XSHG,15.26
2171,002197.XSHE,8.04
2172,300491.XSHE,13.72
2173,600052.XSHG,3.23
2174,002878.XSHE,22.84
2175,000056.XSHE,11.35
2176,300565.XSHE,13.46
2177,002510.XSHE,4.28
2178,603706.XSHG,36.0
2179,603501.XSHG,37.66
2180,000488.XSHE,6.59
2181,000671.XSHE,6.06
2182,600970.XSHG,6.67
2183,000605.XSHE,9.09
2184,002865.XSHE,19.67
2185,603801.XSHG,34.23
2186,603728.XSHG,13.09
2187,600416.XSHG,6.5
2188,002775.XSHE,7.07
2189,601899.XSHG,3.37
2190,002224.XSHE,5.74
2191,603020.XSHG,8.23
2192,002107.XSHE,7.38
2193,002415.XSHE,31.2
2194,002617.XSHE,12.25
2195,600830.XSHG,5.06
2196,300586.XSHE,14.0
2197,300176.XSHE,63.2
2198,600823.XSHG,4.24
2199,600322.XSHG,4.54
2200,600141.XSHG,11.18
2201,002003.XSHE,7.72
2202,000732.XSHE,16.14
2203,300600.XSHE,16.16
2204,300619.XSHE,27.48
2205,603086.XSHG,24.0
2206,002304.XSHE,113.85
2207,000868.XSHE,4.58
2208,600084.XSHG,3.98
2209,002242.XSHE,17.01
2210,300253.XSHE,14.08
2211,002440.XSHE,10.93
2212,002802.XSHE,22.43
2213,600716.XSHG,3.51
2214,002843.XSHE,12.75
2215,000609.XSHE,5.6
2216,000930.XSHE,9.5
2217,600211.XSHG,33.17
2218,603609.XSHG,8.42
2219,300556.XSHE,20.33
2220,002309.XSHE,12.74
2221,600297.XSHG,6.13
2222,002641.XSHE,3.38
2223,603477.XSHG,10.26
2224,600337.XSHG,5.4
2225,603139.XSHG,17.67
2226,300425.XSHE,4.32
2227,300057.XSHE,5.67
2228,600779.XSHG,40.8
2229,600257.XSHG,4.67
2230,300483.XSHE,22.9
2231,300384.XSHE,33.15
2232,002875.XSHE,15.15
2233,600091.XSHG,3.55
2234,300173.XSHE,5.31
2235,600026.XSHG,4.1
2236,300213.XSHE,5.95
2237,600302.XSHG,4.17
2238,002623.XSHE,16.61
2239,002028.XSHE,14.5
2240,002851.XSHE,25.47
2241,603045.XSHG,38.61
2242,300315.XSHE,4.04
2243,600983.XSHG,5.88
2244,002579.XSHE,9.03
2245,603918.XSHG,15.8
2246,603303.XSHG,10.02
2247,000425.XSHE,4.05
2248,603866.XSHG,55.55
2249,600419.XSHG,14.41
2250,000881.XSHE,8.05
2251,300025.XSHE,3.78
2252,002619.XSHE,3.67
2253,300085.XSHE,10.78
2254,600310.XSHG,3.83
2255,002556.XSHE,5.05
2256,002654.XSHE,4.89
2257,000768.XSHE,15.85
2258,603369.XSHG,17.87
2259,601965.XSHG,6.61
2260,600307.XSHG,2.13
2261,002852.XSHE,13.28
2262,601877.XSHG,22.1
2263,600557.XSHG,10.65
2264,600603.XSHG,3.86
2265,300192.XSHE,8.87
2266,002545.XSHE,6.51
2267,000069.XSHE,6.19
2268,002671.XSHE,5.48
2269,600270.XSHG,19.91
2270,002324.XSHE,10.95
2271,300226.XSHE,49.3
2272,603997.XSHG,10.87
2273,603659.XSHG,46.56
2274,000700.XSHE,3.43
2275,600421.XSHG,5.23
2276,002301.XSHE,11.42
2277,601789.XSHG,3.62
2278,002168.XSHE,10.75
2279,300045.XSHE,7.91
2280,000156.XSHE,8.21
2281,603357.XSHG,19.0
2282,300563.XSHE,26.14
2283,600621.XSHG,7.64
2284,300577.XSHE,31.73
2285,603196.XSHG,11.19
2286,300701.XSHE,33.64
2287,601800.XSHG,12.46
2288,300072.XSHE,13.55
2289,603665.XSHG,21.26
2290,603021.XSHG,6.45
2291,603648.XSHG,13.27
2292,300370.XSHE,3.22
2293,600500.XSHG,7.02
2294,300606.XSHE,18.1
2295,002766.XSHE,7.54
2296,300540.XSHE,13.43
2297,600428.XSHG,3.44
2298,600599.XSHG,10.89
2299,600385.XSHG,9.66
2300,600491.XSHG,6.76
2301,002687.XSHE,5.13
2302,300290.XSHE,6.23
2303,002604.XSHE,1.73
2304,300163.XSHE,3.18
2305,600015.XSHG,7.68
2306,603007.XSHG,10.0
2307,000507.XSHE,8.15
2308,002760.XSHE,14.07
2309,002800.XSHE,20.5
2310,002593.XSHE,3.21
2311,300703.XSHE,15.75
2312,603035.XSHG,14.13
2313,002842.XSHE,18.32
2314,603458.XSHG,36.03
2315,000961.XSHE,6.2
2316,603869.XSHG,17.88
2317,300480.XSHE,11.23
2318,603058.XSHG,10.85
2319,002548.XSHE,7.4
2320,002912.XSHE,101.45
2321,002244.XSHE,4.3
2322,600284.XSHG,4.98
2323,600381.XSHG,7.17
2324,002085.XSHE,7.0
2325,000806.XSHE,3.46
2326,600129.XSHG,13.0
2327,603232.XSHG,26.6
2328,002269.XSHE,2.83
2329,600727.XSHG,6.6
2330,000008.XSHE,4.22
2331,000550.XSHE,11.38
2332,300112.XSHE,7.97
2333,300575.XSHE,35.03
2334,300172.XSHE,6.08
2335,002569.XSHE,10.09
2336,300041.XSHE,9.5
2337,600231.XSHG,3.51
2338,002770.XSHE,3.21
2339,002475.XSHE,17.77
2340,600696.XSHG,3.86
2341,300395.XSHE,15.74
2342,600609.XSHG,4.58
2343,002614.XSHE,18.06
2344,300246.XSHE,13.3
2345,000889.XSHE,12.76
2346,300651.XSHE,37.07
2347,000926.XSHE,7.14
2348,002267.XSHE,7.01
2349,002125.XSHE,7.54
2350,002147.XSHE,14.76
2351,600969.XSHG,6.06
2352,600804.XSHG,11.1
2353,002826.XSHE,13.84
2354,601929.XSHG,2.18
2355,002508.XSHE,21.91
2356,300040.XSHE,5.51
2357,300507.XSHE,20.05
2358,300296.XSHE,9.35
2359,600479.XSHG,8.72
2360,600790.XSHG,3.56
2361,002268.XSHE,20.5
2362,603535.XSHG,20.17
2363,601116.XSHG,15.55
2364,002021.XSHE,2.85
2365,601669.XSHG,5.28
2366,600399.XSHG,5.5
2367,601188.XSHG,3.31
2368,000659.XSHE,2.92
2369,601066.XSHG,8.17
2370,000750.XSHE,3.36
2371,000938.XSHE,44.91
2372,300365.XSHE,23.74
2373,000975.XSHE,8.27
2374,600312.XSHG,4.95
2375,002836.XSHE,12.9
2376,300250.XSHE,11.64
2377,000598.XSHE,4.23
2378,000789.XSHE,12.53
2379,300332.XSHE,4.39
2380,300013.XSHE,8.33
2381,603639.XSHG,30.86
2382,600075.XSHG,5.82
2383,600874.XSHG,8.17
2384,300247.XSHE,4.35
2385,002898.XSHE,20.4
2386,002326.XSHE,7.64
2387,600558.XSHG,4.21
2388,600875.XSHG,7.17
2389,002104.XSHE,6.38
2390,002428.XSHE,6.7
2391,601088.XSHG,18.28
2392,000915.XSHE,15.91
2393,002367.XSHE,5.5
2394,600148.XSHG,17.22
2395,600626.XSHG,5.13
2396,002203.XSHE,8.73
2397,002929.XSHE,32.96
2398,002102.XSHE,2.93
2399,300243.XSHE,10.05
2400,600850.XSHG,19.67
2401,603799.XSHG,51.85
2402,600187.XSHG,2.93
2403,600623.XSHG,8.85
2404,002162.XSHE,3.14
2405,300148.XSHE,4.46
2406,000418.XSHE,44.43
2407,002373.XSHE,12.3
2408,300314.XSHE,9.88
2409,000301.XSHE,6.45
2410,603486.XSHG,47.07
2411,002772.XSHE,7.19
2412,002031.XSHE,2.08
2413,603737.XSHG,42.38
2414,603066.XSHG,9.44
2415,000401.XSHE,10.23
2416,600873.XSHG,4.04
2417,600157.XSHG,1.67
2418,600061.XSHG,8.69
2419,000012.XSHE,4.97
2420,603339.XSHG,17.12
2421,601168.XSHG,6.12
2422,600150.XSHG,11.57
2423,603165.XSHG,16.52
2424,600210.XSHG,3.18
2425,601801.XSHG,7.34
2426,000785.XSHE,7.49
2427,002773.XSHE,45.28
2428,300054.XSHE,7.59
2429,300598.XSHE,22.11
2430,000997.XSHE,14.05
2431,300416.XSHE,19.48
2432,002458.XSHE,18.47
2433,002640.XSHE,13.85
2434,002685.XSHE,7.09
2435,603988.XSHG,13.32
2436,600250.XSHG,6.37
2437,600781.XSHG,16.01
2438,002822.XSHE,5.46
2439,600343.XSHG,9.19
2440,002580.XSHE,6.06
2441,002452.XSHE,3.79
2442,000591.XSHE,3.45
2443,603089.XSHG,16.66
2444,002041.XSHE,6.68
2445,300018.XSHE,4.17
2446,600229.XSHG,7.05
2447,603680.XSHG,17.57
2448,000096.XSHE,10.1
2449,300688.XSHE,43.15
2450,000404.XSHE,4.12
2451,300536.XSHE,9.52
2452,603788.XSHG,17.3
2453,002070.XSHE,3.92
2454,300727.XSHE,20.7
2455,300638.XSHE,26.49
2456,300022.XSHE,4.1
2457,603197.XSHG,20.58
2458,603693.XSHG,18.13
2459,603103.XSHG,25.0
2460,002560.XSHE,4.11
2461,002139.XSHE,4.58
2462,600808.XSHG,3.93
2463,002668.XSHE,20.1
2464,300351.XSHE,9.91
2465,300407.XSHE,6.93
2466,300494.XSHE,11.19
2467,002718.XSHE,26.8
2468,300632.XSHE,12.81
2469,002576.XSHE,8.53
2470,300530.XSHE,31.02
2471,000007.XSHE,12.6
2472,002004.XSHE,4.95
2473,000980.XSHE,5.47
2474,002460.XSHE,30.13
2475,600409.XSHG,8.57
2476,002758.XSHE,8.21
2477,603533.XSHG,24.46
2478,600640.XSHG,9.31
2479,300254.XSHE,7.52
2480,601360.XSHG,25.53
2481,603615.XSHG,10.07
2482,600506.XSHG,10.05
2483,002167.XSHE,6.41
2484,601933.XSHG,7.5
2485,603108.XSHG,9.9
2486,601098.XSHG,12.01
2487,300352.XSHE,3.99
2488,603577.XSHG,9.49
2489,300035.XSHE,5.2
2490,600397.XSHG,2.27
2491,600714.XSHG,6.78
2492,300051.XSHE,7.13
2493,000761.XSHE,4.11
2494,300445.XSHE,13.18
2495,300090.XSHE,2.71
2496,000885.XSHE,10.21
2497,300707.XSHE,23.15
2498,000595.XSHE,3.41
2499,603328.XSHG,9.95
2500,300276.XSHE,11.38
2501,600300.XSHG,3.12
2502,603444.XSHG,136.06
2503,300584.XSHE,30.6
2504,600977.XSHG,13.21
2505,002144.XSHE,10.69
2506,000652.XSHE,2.94
2507,300643.XSHE,9.24
2508,002264.XSHE,7.88
2509,600480.XSHG,8.99
2510,300477.XSHE,10.54
2511,000970.XSHE,8.38
2512,603098.XSHG,10.97
2513,300092.XSHE,6.08
2514,300331.XSHE,12.83
2515,600228.XSHG,7.56
2516,603555.XSHG,6.82
2517,600734.XSHG,6.74
2518,000767.XSHE,2.73
2519,300697.XSHE,11.57
2520,300157.XSHE,5.7
2521,600241.XSHG,6.47
2522,300465.XSHE,7.86
2523,000616.XSHE,2.56
2524,002172.XSHE,4.18
2525,601811.XSHG,9.31
2526,002377.XSHE,6.13
2527,603721.XSHG,16.16
2528,300550.XSHE,33.8
2529,000572.XSHE,2.8
2530,002291.XSHE,6.14
2531,600262.XSHG,19.0
2532,601939.XSHG,6.88
2533,603499.XSHG,20.2
2534,603377.XSHG,13.47
2535,300385.XSHE,16.45
2536,000039.XSHE,11.04
2537,002536.XSHE,9.24
2538,002562.XSHE,5.06
2539,002729.XSHE,22.5
2540,000683.XSHE,2.75
2541,000619.XSHE,6.32
2542,300542.XSHE,17.21
2543,603976.XSHG,14.38
2544,002409.XSHE,16.94
2545,600741.XSHG,20.63
2546,600596.XSHG,14.62
2547,002297.XSHE,5.7
2548,300257.XSHE,11.8
2549,600719.XSHG,4.15
2550,002379.XSHE,3.16
2551,002759.XSHE,8.2
2552,603222.XSHG,11.03
2553,300031.XSHE,12.54
2554,000712.XSHE,7.91
2555,002239.XSHE,2.93
2556,601336.XSHG,47.03
2557,300682.XSHE,14.45
2558,601228.XSHG,4.97
2559,300432.XSHE,7.07
2560,300330.XSHE,7.98
2561,002883.XSHE,20.79
2562,000615.XSHE,6.3
2563,002069.XSHE,3.77
2564,601138.XSHG,14.7
2565,002724.XSHE,5.53
2566,000908.XSHE,4.58
2567,600600.XSHG,34.37
2568,300275.XSHE,7.9
2569,300220.XSHE,11.61
2570,600221.XSHG,1.99
2571,603856.XSHG,16.52
2572,300570.XSHE,16.96
2573,000058.XSHE,4.96
2574,001979.XSHE,17.7
2575,300228.XSHE,5.32
2576,603998.XSHG,6.11
2577,000910.XSHE,14.04
2578,600155.XSHG,6.67
2579,603028.XSHG,7.12
2580,603110.XSHG,12.83
2581,600986.XSHG,4.75
2582,000566.XSHE,6.42
2583,600614.XSHG,4.45
2584,603661.XSHG,34.9
2585,600708.XSHG,3.93
2586,002116.XSHE,7.39
2587,603319.XSHG,23.45
2588,002748.XSHE,7.79
2589,000996.XSHE,9.28
2590,601766.XSHG,8.12
2591,002926.XSHE,9.27
2592,600420.XSHG,10.02
2593,300349.XSHE,18.43
2594,600182.XSHG,25.52
2595,002620.XSHE,6.57
2596,002879.XSHE,12.93
2597,002763.XSHE,8.85
2598,000567.XSHE,11.96
2599,603709.XSHG,23.69
2600,002439.XSHE,18.55
2601,300513.XSHE,24.03
2602,603800.XSHG,12.47
2603,600971.XSHG,6.3
2604,002354.XSHE,6.79
2605,300136.XSHE,33.22
2606,601225.XSHG,7.39
2607,000792.XSHE,8.66
2608,603713.XSHG,48.05
2609,600169.XSHG,2.36
2610,300342.XSHE,12.25
2611,000630.XSHE,2.11
2612,600222.XSHG,4.03
2613,300344.XSHE,7.05
2614,603128.XSHG,5.73
2615,300204.XSHE,10.27
2616,600732.XSHG,4.16
2617,002547.XSHE,3.2
2618,600635.XSHG,3.55
2619,000678.XSHE,5.11
2620,600037.XSHG,9.51
2621,601901.XSHG,5.9
2622,000521.XSHE,3.27
2623,600100.XSHG,9.3
2624,603607.XSHG,19.76
2625,000603.XSHE,7.37
2626,601628.XSHG,22.12
2627,300185.XSHE,1.81
2628,002219.XSHE,3.05
2629,002485.XSHE,24.17
2630,000606.XSHE,6.06
2631,002161.XSHE,6.88
2632,300044.XSHE,6.04
2633,300740.XSHE,29.91
2634,600572.XSHG,6.97
2635,600138.XSHG,15.45
2636,300207.XSHE,9.22
2637,600077.XSHG,3.05
2638,600784.XSHG,4.87
2639,601229.XSHG,11.83
2640,300062.XSHE,5.11
2641,000978.XSHE,6.04
2642,000661.XSHE,229.51
2643,600577.XSHG,3.46
2644,600188.XSHG,11.01
2645,002420.XSHE,3.81
2646,600120.XSHG,12.48
2647,600644.XSHG,4.74
2648,600097.XSHG,10.66
2649,000969.XSHE,5.43
2650,300024.XSHE,16.36
2651,600592.XSHG,6.16
2652,600299.XSHG,11.93
2653,300182.XSHE,6.2
2654,600375.XSHG,4.16
2655,000886.XSHE,4.17
2656,601311.XSHG,11.14
2657,600130.XSHG,3.18
2658,000796.XSHE,8.3
2659,300127.XSHE,12.16
2660,300311.XSHE,6.39
2661,002155.XSHE,6.36
2662,603127.XSHG,49.65
2663,600861.XSHG,6.5
2664,300677.XSHE,17.1
2665,600390.XSHG,7.71
2666,603558.XSHG,8.41
2667,000631.XSHE,3.35
2668,603806.XSHG,23.45
2669,002426.XSHE,3.23
2670,002909.XSHE,16.99
2671,002270.XSHE,4.25
2672,002472.XSHE,7.18
2673,603225.XSHG,22.75
2674,002783.XSHE,7.57
2675,600605.XSHG,9.0
2676,603667.XSHG,8.86
2677,600069.XSHG,3.5
2678,600355.XSHG,3.86
2679,601777.XSHG,4.64
2680,300666.XSHE,47.43
2681,300212.XSHE,26.95
2682,603167.XSHG,9.03
2683,603808.XSHG,17.53
2684,603993.XSHG,4.73
2685,002430.XSHE,12.26
2686,002342.XSHE,3.47
2687,000593.XSHE,7.13
2688,002005.XSHE,3.09
2689,300618.XSHE,129.0
2690,002390.XSHE,5.74
2691,300256.XSHE,3.47
2692,002468.XSHE,16.22
2693,603886.XSHG,17.97
2694,002192.XSHE,17.25
2695,300239.XSHE,4.1
2696,603619.XSHG,23.82
2697,002082.XSHE,9.59
2698,300208.XSHE,7.15
2699,603909.XSHG,29.25
2700,002584.XSHE,5.33
2701,000513.XSHE,38.92
2702,002058.XSHE,9.67
2703,000791.XSHE,4.62
2704,000691.XSHE,3.82
2705,002146.XSHE,8.0
2706,600831.XSHG,5.46
2707,300307.XSHE,5.5
2708,300456.XSHE,25.43
2709,002389.XSHE,11.87
2710,000905.XSHE,7.33
2711,300725.XSHE,60.68
2712,600736.XSHG,5.76
2713,300029.XSHE,5.92
2714,000565.XSHE,5.07
2715,603618.XSHG,5.59
2716,600637.XSHG,9.89
2717,600093.XSHG,10.01
2718,000813.XSHE,7.95
2719,002659.XSHE,10.1
2720,300211.XSHE,5.08
2721,002018.XSHE,1.36
2722,600939.XSHG,5.05
2723,000801.XSHE,4.64
2724,002541.XSHE,7.97
2725,601601.XSHG,33.17
2726,300497.XSHE,18.35
2727,600081.XSHG,8.99
2728,300144.XSHE,22.79
2729,002624.XSHE,24.13
2730,600750.XSHG,15.35
2731,000829.XSHE,8.46
2732,002193.XSHE,12.95
2733,002065.XSHE,8.83
2734,300535.XSHE,13.82
2735,601566.XSHG,13.69
2736,603385.XSHG,9.12
2737,603067.XSHG,10.57
2738,300126.XSHE,4.69
2739,600295.XSHG,8.72
2740,002097.XSHE,6.62
2741,300547.XSHE,19.0
2742,600517.XSHG,3.58
2743,002880.XSHE,44.0
2744,002071.XSHE,5.03
2745,603900.XSHG,13.1
2746,603348.XSHG,26.78
2747,600633.XSHG,8.75
2748,000681.XSHE,29.12
2749,603388.XSHG,12.02
2750,002693.XSHE,5.12
2751,603789.XSHG,12.1
2752,300448.XSHE,9.92
2753,300299.XSHE,4.68
2754,601872.XSHG,3.3
2755,300284.XSHE,9.51
2756,000882.XSHE,2.58
2757,600320.XSHG,3.37
2758,002109.XSHE,4.28
2759,300672.XSHE,51.37
2760,300077.XSHE,8.05
2761,000665.XSHE,7.86
2762,000708.XSHE,9.89
2763,002672.XSHE,12.31
2764,000967.XSHE,6.68
2765,603186.XSHG,14.62
2766,603198.XSHG,15.0
2767,002606.XSHE,4.14
2768,002638.XSHE,3.35
2769,600208.XSHG,3.15
2770,002433.XSHE,5.5
2771,600313.XSHG,2.74
2772,002850.XSHE,20.43
2773,600728.XSHG,6.96
2774,000917.XSHE,5.05
2775,300357.XSHE,42.7
2776,002827.XSHE,13.77
2777,600539.XSHG,5.94
2778,000656.XSHE,5.17
2779,600844.XSHG,5.36
2780,600055.XSHG,8.51
2781,600825.XSHG,4.2
2782,002050.XSHE,12.14
2783,300746.XSHE,21.6
2784,300152.XSHE,2.7
2785,300457.XSHE,25.15
2786,601595.XSHG,13.96
2787,600630.XSHG,7.07
2788,600168.XSHG,6.25
2789,300179.XSHE,4.15
2790,600279.XSHG,4.32
2791,300736.XSHE,25.2
2792,600705.XSHG,4.47
2793,002446.XSHE,6.9
2794,300164.XSHE,7.92
2795,002067.XSHE,3.67
2796,600306.XSHG,6.38
2797,300194.XSHE,4.24
2798,002714.XSHE,22.88
2799,601166.XSHG,15.08
2800,603939.XSHG,51.56
2801,000155.XSHE,4.85
2802,002788.XSHE,14.1
2803,000031.XSHE,5.7
2804,300730.XSHE,20.89
2805,002369.XSHE,8.82
2806,300140.XSHE,8.06
2807,002277.XSHE,4.19
2808,600820.XSHG,5.99
2809,300571.XSHE,61.38
2810,000568.XSHE,43.14
2811,000666.XSHE,18.29
2812,601127.XSHG,16.75
2813,002719.XSHE,24.6
2814,300042.XSHE,26.92
2815,300193.XSHE,6.43
2816,300260.XSHE,11.94
2817,300438.XSHE,16.27
2818,603738.XSHG,15.48
2819,600114.XSHG,8.1
2820,002618.XSHE,19.67
2821,603860.XSHG,24.81
2822,600778.XSHG,4.84
2823,603979.XSHG,8.82
2824,601113.XSHG,6.81
2825,600751.XSHG,6.49
2826,002401.XSHE,10.3
2827,000590.XSHE,9.94
2828,300398.XSHE,18.68
2829,603078.XSHG,33.77
2830,300620.XSHE,43.53
2831,000718.XSHE,3.31
2832,002592.XSHE,13.03
2833,002098.XSHE,16.31
2834,600327.XSHG,4.63
2835,002482.XSHE,5.9
2836,600219.XSHG,2.73
2837,300007.XSHE,11.37
2838,002677.XSHE,13.68
2839,600803.XSHG,13.62
2840,002334.XSHE,5.13
2841,002601.XSHE,13.56
2842,300648.XSHE,21.01
2843,000711.XSHE,12.02
2844,600528.XSHG,10.34
2845,600729.XSHG,29.56
2846,603037.XSHG,20.53
2847,300374.XSHE,9.42
2848,603787.XSHG,9.0
2849,000928.XSHE,5.12
2850,600456.XSHG,15.68
2851,600531.XSHG,4.19
2852,002137.XSHE,7.29
2853,300075.XSHE,12.03
2854,300487.XSHE,28.33
2855,603117.XSHG,4.19
2856,000538.XSHE,78.0
2857,002846.XSHE,11.63
2858,002887.XSHE,18.07
2859,601699.XSHG,7.93
2860,601500.XSHG,7.28
2861,601668.XSHG,5.33
2862,600319.XSHG,4.87
2863,000860.XSHE,43.42
2864,002386.XSHE,6.43
2865,002467.XSHE,5.23
2866,002762.XSHE,6.26
2867,000001.XSHE,10.19
2868,300436.XSHE,24.26
2869,600561.XSHG,5.84
2870,300588.XSHE,13.66
2871,002650.XSHE,4.86
2872,000993.XSHE,5.21
2873,300266.XSHE,3.42
2874,002188.XSHE,3.38
2875,300333.XSHE,8.0
2876,300289.XSHE,6.79
2877,600365.XSHG,4.08
2878,600619.XSHG,11.99
2879,002196.XSHE,6.31
2880,300546.XSHE,25.69
2881,000698.XSHE,4.15
2882,600252.XSHG,2.91
2883,603843.XSHG,9.09
2884,300177.XSHE,12.66
2885,002484.XSHE,6.11
2886,002520.XSHE,6.67
2887,601179.XSHG,3.38
2888,300408.XSHE,24.5
2889,000088.XSHE,5.54
2890,002884.XSHE,19.75
2891,603042.XSHG,16.35
2892,000021.XSHE,6.14
2893,002240.XSHE,11.84
2894,002256.XSHE,3.61
2895,300150.XSHE,4.9
2896,000625.XSHE,6.98
2897,600682.XSHG,10.75
2898,603903.XSHG,25.99
2899,600634.XSHG,2.54
2900,600469.XSHG,3.47
2901,300305.XSHE,5.67
2902,600145.XSHG,7.4
2903,002356.XSHE,11.12
2904,600485.XSHG,14.6
2905,000822.XSHE,6.33
2906,002697.XSHE,4.77
2907,002251.XSHE,9.05
2908,603617.XSHG,17.58
2909,600602.XSHG,5.81
2910,603963.XSHG,16.53
2911,600452.XSHG,15.8
2912,002832.XSHE,36.0
2913,300690.XSHE,18.89
2914,600425.XSHG,3.1
2915,002734.XSHE,10.73
2916,600671.XSHG,16.36
2917,002059.XSHE,7.28
2918,300635.XSHE,13.07
2919,000949.XSHE,2.96
2920,603506.XSHG,23.37
2921,002072.XSHE,6.74
2922,601678.XSHG,5.5
2923,300503.XSHE,9.26
2924,603080.XSHG,29.84
2925,300183.XSHE,13.75
2926,600403.XSHG,4.3
2927,603500.XSHG,11.4
2928,600765.XSHG,7.73
2929,300392.XSHE,6.82
2930,600546.XSHG,3.55
2931,300612.XSHE,17.66
2932,002615.XSHE,5.22
2933,600321.XSHG,1.86
2934,300181.XSHE,4.41
2935,600359.XSHG,4.86
2936,300198.XSHE,3.45
2937,600642.XSHG,5.09
2938,600731.XSHG,4.75
2939,600057.XSHG,4.98
2940,300233.XSHE,14.42
2941,002042.XSHE,6.99
2942,002364.XSHE,10.95
2943,600540.XSHG,4.47
2944,002930.XSHE,28.28
2945,603096.XSHG,74.24
2946,002849.XSHE,14.74
2947,603908.XSHG,22.19
2948,603882.XSHG,21.15
2949,002412.XSHE,15.05
2950,300030.XSHE,5.73
2951,300687.XSHE,19.95
2952,002044.XSHE,16.01
2953,002496.XSHE,2.32
2954,000516.XSHE,5.66
2955,002871.XSHE,18.03
2956,603018.XSHG,16.74
2957,002129.XSHE,7.58
2958,002895.XSHE,13.36
2959,603223.XSHG,11.02
2960,000958.XSHE,3.57
2961,000995.XSHE,5.7
2962,300286.XSHE,8.19
2963,002913.XSHE,42.39
2964,600180.XSHG,8.82
2965,002246.XSHE,8.1
2966,002572.XSHE,22.09
2967,600146.XSHG,8.88
2968,300329.XSHE,8.28
2969,002179.XSHE,42.38
2970,000837.XSHE,4.59
2971,002015.XSHE,4.87
2972,300699.XSHE,39.7
2973,601288.XSHG,3.64
2974,002664.XSHE,22.69
2975,300362.XSHE,9.68
2976,300084.XSHE,4.71
2977,603160.XSHG,76.42
2978,000757.XSHE,5.16
2979,300158.XSHE,3.84
2980,300105.XSHE,4.14
2981,000782.XSHE,5.13
2982,300495.XSHE,12.5
2983,002382.XSHE,19.0
2984,002328.XSHE,5.25
2985,002544.XSHE,12.24
2986,600787.XSHG,7.0
2987,002673.XSHE,8.02
2988,002583.XSHE,8.13
2989,300430.XSHE,8.29
2990,002408.XSHE,12.4
2991,300397.XSHE,11.28
2992,600532.XSHG,3.36
2993,000534.XSHE,11.53
2994,603488.XSHG,7.88
2995,300623.XSHE,32.84
2996,002414.XSHE,16.01
2997,002305.XSHE,2.6
2998,603901.XSHG,8.59
2999,600917.XSHG,7.09
3000,600560.XSHG,7.65
3001,300227.XSHE,9.85
3002,002133.XSHE,3.97
3003,000570.XSHE,4.12
3004,600290.XSHG,3.83
3005,000586.XSHE,9.22
3006,300301.XSHE,4.23
3007,600583.XSHG,6.21
3008,603158.XSHG,16.95
3009,002136.XSHE,8.79
3010,600679.XSHG,14.42
3011,300616.XSHE,83.1
3012,002284.XSHE,5.21
3013,000627.XSHE,6.31
3014,300460.XSHE,9.83
3015,300327.XSHE,22.55
3016,000411.XSHE,13.84
3017,002213.XSHE,10.19
3018,000892.XSHE,4.35
3019,600800.XSHG,5.47
3020,300034.XSHE,10.31
3021,300683.XSHE,27.9
3022,002680.XSHE,3.26
3023,300048.XSHE,2.54
3024,300083.XSHE,3.84
3025,002711.XSHE,3.74
3026,603969.XSHG,7.0
3027,002273.XSHE,11.77
3028,002198.XSHE,5.7
3029,002255.XSHE,4.92
3030,300671.XSHE,27.16
3031,300490.XSHE,11.91
3032,300280.XSHE,33.01
3033,600615.XSHG,8.75
3034,600340.XSHG,25.19
3035,600818.XSHG,12.1
3036,300663.XSHE,16.0
3037,300145.XSHE,4.25
3038,300605.XSHE,16.28
3039,600743.XSHG,2.44
3040,000029.XSHE,11.17
3041,300001.XSHE,12.42
3042,601108.XSHG,9.85
3043,300478.XSHE,17.54
3044,600429.XSHG,5.25
3045,601012.XSHG,13.84
3046,601000.XSHG,2.44
3047,300390.XSHE,9.4
3048,000720.XSHE,3.68
3049,600565.XSHG,2.92
3050,002265.XSHE,10.35
3051,603133.XSHG,16.72
3052,002816.XSHE,13.82
3053,600467.XSHG,2.55
3054,300268.XSHE,10.89
3055,600835.XSHG,15.36
3056,600056.XSHG,17.03
3057,002153.XSHE,37.83
3058,603679.XSHG,25.77
3059,002798.XSHE,31.94
3060,600710.XSHG,4.37
3061,300400.XSHE,15.57
3062,600038.XSHG,38.42
3063,000014.XSHE,10.38
3064,002721.XSHE,7.03
3065,600354.XSHG,5.12
3066,300496.XSHE,27.3
3067,600936.XSHG,4.54
3068,002741.XSHE,15.36
3069,300273.XSHE,5.8
3070,000407.XSHE,4.52
3071,002747.XSHE,11.7
3072,002820.XSHE,13.32
3073,000028.XSHE,47.64
3074,300613.XSHE,120.78
3075,000825.XSHE,6.0
3076,002552.XSHE,4.92
3077,600747.XSHG,1.55
3078,600895.XSHG,9.95
3079,002923.XSHE,25.8
3080,002191.XSHE,8.29
3081,000998.XSHE,16.1
3082,002743.XSHE,6.42
3083,300189.XSHE,2.69
3084,600193.XSHG,2.72
3085,600789.XSHG,12.57
3086,002234.XSHE,14.17
3087,000620.XSHE,5.43
3088,002756.XSHE,14.42
3089,000610.XSHE,6.42
3090,600677.XSHG,9.1
3091,002553.XSHE,6.3
3092,603010.XSHG,14.66
3093,300411.XSHE,7.47
3094,300615.XSHE,15.83
3095,002286.XSHE,7.2
3096,603823.XSHG,15.2
3097,002587.XSHE,5.49
3098,300676.XSHE,73.39
3099,600391.XSHG,13.6
3100,600172.XSHG,3.5
3101,002212.XSHE,11.75
3102,600661.XSHG,24.06
3103,300348.XSHE,29.18
3104,600078.XSHG,3.44
3105,002808.XSHE,11.34
3106,002221.XSHE,8.54
3107,600746.XSHG,5.32
3108,000726.XSHE,9.37
3109,600258.XSHG,18.44
3110,601100.XSHG,23.08
3111,000731.XSHE,5.53
3112,300056.XSHE,5.37
3113,600128.XSHG,6.3
3114,600639.XSHG,10.94
3115,300099.XSHE,4.67
3116,002258.XSHE,18.99
3117,600318.XSHG,11.04
3118,002470.XSHE,6.42
3119,002791.XSHE,10.37
3120,603029.XSHG,13.9
3121,300435.XSHE,10.19
3122,600980.XSHG,11.45
3123,600767.XSHG,4.05
3124,601666.XSHG,4.02
3125,000523.XSHE,4.51
3126,300405.XSHE,7.89
3127,300558.XSHE,41.91
3128,300404.XSHE,14.82
3129,603000.XSHG,7.8
3130,600797.XSHG,8.94
3131,300272.XSHE,7.3
3132,000753.XSHE,2.93
3133,300439.XSHE,16.34
3134,002281.XSHE,26.46
3135,300700.XSHE,32.3
3136,603320.XSHG,17.39
3137,600328.XSHG,7.97
3138,600673.XSHG,7.72
3139,002030.XSHE,17.99
3140,601177.XSHG,6.14
3141,300108.XSHE,7.84
3142,600653.XSHG,2.0
3143,002312.XSHE,3.3
3144,300298.XSHE,13.55
3145,600439.XSHG,3.06
3146,002054.XSHE,4.77
3147,600695.XSHG,3.19
3148,600033.XSHG,2.96
3149,000709.XSHE,2.93
3150,002595.XSHE,13.61
3151,300012.XSHE,5.56
3152,300417.XSHE,16.46
3153,002888.XSHE,18.93
3154,603030.XSHG,6.3
3155,002200.XSHE,6.46
3156,000728.XSHE,6.65
3157,300103.XSHE,7.37
3158,002432.XSHE,6.33
3159,002013.XSHE,8.16
3160,300002.XSHE,3.85
3161,603598.XSHG,9.8
3162,601366.XSHG,8.48
3163,600135.XSHG,6.73
3164,002349.XSHE,5.46
3165,002809.XSHE,17.91
3166,002001.XSHE,15.13
3167,002796.XSHE,22.33
3168,000544.XSHE,6.72
3169,600455.XSHG,22.35
3170,600060.XSHG,10.0
3171,600098.XSHG,6.1
3172,300541.XSHE,13.67
3173,300452.XSHE,13.38
3174,300419.XSHE,6.37
3175,002651.XSHE,4.89
3176,300240.XSHE,6.93
3177,300449.XSHE,16.84
3178,600088.XSHG,8.94
3179,603729.XSHG,17.82
3180,000902.XSHE,8.89
3181,601689.XSHG,16.25
3182,603515.XSHG,28.0
3183,600794.XSHG,2.8
3184,600684.XSHG,4.39
3185,000027.XSHE,5.29
3186,300356.XSHE,5.25
3187,600190.XSHG,3.09
3188,600123.XSHG,7.08
3189,603305.XSHG,24.59
3190,603970.XSHG,19.1
3191,002695.XSHE,11.62
3192,600802.XSHG,8.44
3193,603083.XSHG,25.6
3194,600975.XSHG,4.05
3195,002358.XSHE,14.4
3196,601969.XSHG,5.05
3197,601918.XSHG,3.88
3198,300114.XSHE,10.19
3199,000900.XSHE,4.13
3200,002135.XSHE,5.26
3201,300675.XSHE,27.92
3202,601900.XSHG,8.68
3203,002732.XSHE,17.76
3204,000633.XSHE,4.76
3205,600021.XSHG,7.46
3206,000848.XSHE,8.61
3207,601866.XSHG,2.3
3208,300629.XSHE,19.67
3209,300335.XSHE,7.31
3210,600692.XSHG,6.67
3211,600648.XSHG,17.85
3212,002908.XSHE,26.68
3213,000876.XSHE,6.03
3214,600588.XSHG,28.8
3215,300310.XSHE,5.18
3216,600316.XSHG,9.17
3217,600613.XSHG,6.0
3218,002540.XSHE,5.02
3219,000068.XSHE,2.91
3220,002407.XSHE,11.99
3221,000611.XSHE,5.73
3222,600568.XSHG,2.62
3223,002886.XSHE,19.05
3224,002157.XSHE,3.78
3225,300669.XSHE,20.37
3226,002100.XSHE,5.69
3227,002738.XSHE,16.0
3228,600862.XSHG,5.85
3229,600291.XSHG,12.38
3230,300685.XSHE,56.53
3231,002847.XSHE,25.3
3232,002250.XSHE,7.77
3233,600246.XSHG,3.92
3234,600104.XSHG,29.06
3235,603677.XSHG,12.85
3236,300582.XSHE,10.95
3237,002631.XSHE,7.42
3238,603556.XSHG,14.3
3239,002897.XSHE,21.5
3240,002681.XSHE,4.6
3241,600305.XSHG,10.01
3242,000153.XSHE,6.12
3243,300555.XSHE,8.75
3244,601011.XSHG,5.97
3245,600096.XSHG,5.17
3246,002777.XSHE,26.73
3247,600593.XSHG,24.79
3248,002568.XSHE,11.18
3249,002575.XSHE,3.83
3250,000423.XSHE,46.36
3251,002036.XSHE,10.56
3252,002272.XSHE,3.98
3253,600578.XSHG,3.11
3254,000416.XSHE,4.14
3255,002346.XSHE,11.29
3256,300014.XSHE,13.65
3257,603383.XSHG,29.45
3258,002310.XSHE,11.66
3259,601199.XSHG,4.11
3260,300595.XSHE,37.09
3261,300410.XSHE,21.4
3262,300055.XSHE,9.76
3263,002243.XSHE,7.6
3264,600645.XSHG,20.37
3265,600685.XSHG,10.85
3266,600493.XSHG,5.3
3267,603278.XSHG,15.74
3268,002425.XSHE,4.53
3269,603229.XSHG,14.32
3270,600748.XSHG,4.9
3271,000004.XSHE,17.4
3272,002609.XSHE,8.04
3273,600303.XSHG,5.08
3274,600027.XSHG,3.64
3275,002395.XSHE,11.28
3276,002403.XSHE,8.39
3277,000045.XSHE,6.63
3278,300203.XSHE,26.14
3279,600985.XSHG,10.19
3280,600701.XSHG,4.97
3281,002771.XSHE,13.75
3282,002027.XSHE,8.45
3283,601001.XSHG,4.72
3284,600535.XSHG,22.66
3285,002074.XSHE,13.05
3286,600711.XSHG,7.35
3287,300086.XSHE,7.15
3288,600575.XSHG,3.18
3289,002332.XSHE,7.39
3290,603012.XSHG,6.85
3291,002276.XSHE,5.27
3292,002486.XSHE,3.15
3293,000526.XSHE,28.18
3294,600880.XSHG,3.61
3295,000693.XSHE,3.31
3296,002084.XSHE,4.52
3297,002206.XSHE,4.15
3298,002019.XSHE,12.42
3299,603238.XSHG,15.72
3300,603009.XSHG,7.0
3301,300468.XSHE,16.47
3302,601369.XSHG,6.49
3303,300418.XSHE,14.4
3304,600112.XSHG,3.23
3305,600238.XSHG,6.65
3306,600490.XSHG,8.67
3307,002554.XSHE,3.08
3308,603337.XSHG,32.28
3309,603013.XSHG,20.59
3310,600562.XSHG,15.65
3311,002416.XSHE,5.7
3312,002186.XSHE,12.96
3313,601518.XSHG,2.87
3314,600177.XSHG,7.05
3315,600877.XSHG,5.09
3316,600965.XSHG,10.91
3317,600706.XSHG,12.67
3318,601008.XSHG,3.34
3319,300579.XSHE,27.14
3320,002701.XSHE,5.49
3321,000922.XSHE,6.31
3322,002142.XSHE,16.74
3323,603157.XSHG,12.27
3324,300153.XSHE,7.16
3325,002086.XSHE,6.68
3326,603578.XSHG,23.74
3327,600715.XSHG,4.85
3328,600982.XSHG,3.25
3329,600408.XSHG,3.13
3330,000006.XSHE,5.39
3331,600769.XSHG,4.6
3332,002266.XSHE,3.61
3333,000705.XSHE,6.65
3334,300380.XSHE,18.23
3335,603416.XSHG,23.8
3336,002381.XSHE,6.63
3337,300644.XSHE,36.27
3338,600807.XSHG,2.3
3339,300004.XSHE,3.76
3340,603156.XSHG,48.52
3341,600161.XSHG,18.35
3342,300081.XSHE,8.7
3343,000639.XSHE,8.38
3344,300426.XSHE,8.03
3345,002867.XSHE,27.31
3346,600522.XSHG,8.97
3347,601333.XSHG,3.72
3348,600401.XSHG,0.87
3349,600559.XSHG,17.39
3350,600749.XSHG,8.9
3351,603528.XSHG,7.17
3352,600133.XSHG,5.94
3353,002235.XSHE,6.59
3354,600859.XSHG,16.1
3355,000679.XSHE,4.09
3356,000585.XSHE,2.08
3357,002207.XSHE,4.35
3358,000888.XSHE,6.91
3359,300433.XSHE,11.85
3360,600398.XSHG,9.7
3361,600785.XSHG,18.1
3362,300601.XSHE,46.3
3363,300428.XSHE,10.6
3364,002091.XSHE,5.63
3365,600072.XSHG,8.41
3366,300281.XSHE,4.8
3367,002893.XSHE,16.64
3368,002821.XSHE,70.86
3369,300559.XSHE,42.9
3370,300642.XSHE,42.77
3371,000963.XSHE,45.19
3372,002383.XSHE,16.29
3373,600726.XSHG,2.61
3374,002081.XSHE,9.24
3375,000959.XSHE,4.28
3376,002817.XSHE,18.37
3377,300750.XSHE,63.26
3378,000887.XSHE,11.17
3379,600361.XSHG,3.86
3380,000400.XSHE,7.51
3381,600063.XSHG,2.81
3382,300481.XSHE,12.18
3383,002453.XSHE,4.88
3384,002106.XSHE,6.4
3385,002431.XSHE,5.08
3386,600395.XSHG,5.68
3387,002023.XSHE,11.25
3388,600196.XSHG,28.13
3389,002707.XSHE,8.69
3390,601211.XSHG,14.62
3391,300442.XSHE,15.27
3392,600068.XSHG,6.97
3393,600501.XSHG,7.14
3394,300033.XSHE,37.69
3395,300427.XSHE,12.47
3396,002131.XSHE,1.95
3397,300201.XSHE,4.17
3398,002045.XSHE,5.24
3399,601118.XSHG,6.62
3400,600160.XSHG,7.43
3401,603300.XSHG,5.02
3402,002279.XSHE,9.45
3403,600620.XSHG,6.08
3404,600248.XSHG,4.46
3405,603025.XSHG,14.03
3406,002150.XSHE,6.16
3407,603331.XSHG,15.4
3408,600482.XSHG,19.59
3409,300533.XSHE,33.18
3410,002046.XSHE,6.89
3411,300381.XSHE,7.57
3412,002444.XSHE,10.3
3413,300554.XSHE,24.13
3414,300654.XSHE,13.88
3415,601018.XSHG,4.02
3416,300338.XSHE,9.0
3417,600363.XSHG,8.34
3418,300279.XSHE,6.42
3419,600074.XSHG,1.32
3420,000818.XSHE,10.25
3421,600351.XSHG,7.4
3422,002603.XSHE,12.75
3423,002252.XSHE,19.54
3424,600676.XSHG,4.84
3425,600867.XSHG,16.42
3426,000532.XSHE,8.61
3427,002051.XSHE,15.62
3428,000812.XSHE,3.23
3429,002477.XSHE,3.29
3430,603879.XSHG,10.19
3431,300049.XSHE,10.06
3432,000668.XSHE,9.01
3433,002218.XSHE,3.16
3434,603708.XSHG,22.07
3435,600054.XSHG,11.16
3436,300036.XSHE,23.4
3437,600837.XSHG,8.53
3438,300472.XSHE,15.49
3439,300277.XSHE,6.47
3440,600502.XSHG,3.95
3441,600826.XSHG,14.19
3442,600883.XSHG,6.36
3443,000009.XSHE,4.59
3444,600236.XSHG,5.7
3445,600959.XSHG,4.46
3446,300242.XSHE,4.95
3447,600624.XSHG,4.87
3448,600406.XSHG,15.89
3449,600674.XSHG,8.05
3450,603333.XSHG,5.72
3451,603063.XSHG,7.36
3452,002502.XSHE,5.82
3453,600360.XSHG,6.08
3454,601886.XSHG,7.29
3455,300718.XSHE,15.65
3456,002921.XSHE,35.22
3457,600547.XSHG,22.31
3458,601567.XSHG,6.77
3459,000022.XSHE,18.65
3460,002863.XSHE,6.42
3461,600348.XSHG,5.65
3462,002406.XSHE,5.85
3463,002227.XSHE,10.98
3464,300684.XSHE,49.97
3465,300058.XSHE,5.18
3466,000799.XSHE,19.47
3467,300476.XSHE,15.15
3468,000852.XSHE,9.55
3469,002795.XSHE,15.19
3470,002488.XSHE,10.04
3471,002040.XSHE,8.7
3472,300453.XSHE,9.51
3473,603699.XSHG,13.07
3474,603833.XSHG,95.51
3475,300573.XSHE,15.87
3476,002189.XSHE,12.42
3477,000628.XSHE,8.96
3478,300679.XSHE,27.2
3479,300545.XSHE,19.28
3480,002918.XSHE,19.39
3481,300402.XSHE,9.65
3482,600963.XSHG,4.85
3483,600863.XSHG,2.24
3484,002211.XSHE,4.74
3485,000415.XSHE,3.53
3486,002481.XSHE,3.1
3487,603101.XSHG,11.97
3488,600990.XSHG,39.49
3489,300020.XSHE,8.22
3490,603069.XSHG,7.26
3491,000622.XSHE,3.14
3492,600206.XSHG,7.81
3493,601688.XSHG,15.27
3494,000830.XSHE,15.3
3495,600039.XSHG,3.49
3496,002616.XSHE,5.02
3497,002907.XSHE,23.62
3498,002633.XSHE,8.01
3499,002423.XSHE,9.39
3500,002008.XSHE,42.77
3501,300610.XSHE,10.9
3502,000802.XSHE,9.65
3503,600570.XSHG,56.12
3504,300104.XSHE,3.43
3505,002621.XSHE,18.03
3506,000426.XSHE,6.41
3507,603306.XSHG,16.04
3508,002418.XSHE,3.13
3509,002735.XSHE,27.99
3510,300599.XSHE,10.72
3511,002325.XSHE,3.41
3512,300230.XSHE,4.6
3513,002152.XSHE,5.74
3514,300673.XSHE,52.0
3515,600460.XSHG,11.35
3516,600153.XSHG,8.16
3517,600488.XSHG,3.89
3518,300647.XSHE,18.66
3519,600629.XSHG,12.54
3520,600301.XSHG,5.09
3521,002253.XSHE,14.22
3522,603606.XSHG,8.97
3523,603367.XSHG,19.22
3524,002002.XSHE,2.9
3525,000935.XSHE,15.15
3526,300399.XSHE,11.3
3527,002598.XSHE,6.88
3528,600192.XSHG,4.63
3529,300526.XSHE,12.68
3530,603933.XSHG,18.86
3531,002095.XSHE,31.18
3532,000546.XSHE,10.8
3533,603002.XSHG,4.26
