-0.00447,0.00806,0.05989
0.00239,-0.02221,0.05802
0.00053,0.00099,0.07507
-0.00855,0.00341,0.0417
-0.00321,-0.0066,0.0325
0.01052,0.00284,0.05373
-0.00927,-0.00288,0.01837
-0.00136,0.0161,0.04778
-0.01733,0.01049,0.01954
0.01464,-0.00155,0.04346
-0.00433,-0.00247,0.04387
0.00194,-0.00238,0.02698
-0.01639,0.00434,0.02419
0.01137,0.00786,0.01596
-0.00132,0.02546,0.01464
0.00594,-0.0014,0.00952
-0.01574,-0.02322,0.05109
-0.02383,-0.01739,0.04615
-0.00058,0.00674,0.03802
-0.00886,0.00178,0.03426
-0.00901,0.00182,0.06726
0.00432,-0.00689,0.05921
0.00859,-0.00736,0.06763
-0.01356,-0.01324,0.04958
0.00928,0.0159,0.01526
0.00695,-0.00311,0.03127
-0.00489,-0.00035,0.00979
0.0187,-0.01917,0.04182
0.00253,0.00039,0.03842
0.00305,0.00915,0.0479
-0.00569,-0.00382,0.04799
0.01136,0.00625,0.06493
0.02924,-0.00262,0.00357
-0.00563,-0.00709,0.05636
0.00388,-0.00311,-0.00155
-0.0031,0.01707,0.07273
0.00076,0.00389,0.05696
-0.00191,0.00452,0.04189
0.00194,-0.00836,0.05171
-0.0165,0.00762,0.02867
0.00081,0.00662,0.01694
0.00631,0.00265,0.0237
0.00274,-0.0096,0.03696
-0.00199,0.00883,0.0729
-0.00072,0.01718,0.02695
-0.01414,-0.00298,0.07188
0.01134,-0.00081,0.01304
-0.00165,0.00851,0.02078
-0.00594,-0.02569,0.02308
0.01202,0.00329,0.05646
-0.00567,-0.00919,0.08176
-0.01194,0.01389,0.02046
-0.01418,-0.00513,0.05022
-0.00875,0.01292,0.00606
0.01629,0.0146,0.07516
0.00119,0.0027,0.02061
-0.01204,0.00259,0.00627
-0.00159,0.0024,0.04606
0.00483,-0.01293,0.01803
0.02123,-0.00144,0.06254
-0.00873,-0.00022,0.04585
0.00309,-0.00946,0.05605
0.00359,-0.00221,0.0467
0.00886,0.00058,0.04154
0.00031,0.00334,0.03824
-0.00808,0.00639,0.04486
-0.01007,0.00979,0.02487
0.00199,-0.01314,0.0669
-0.00807,0.00513,0.05816
-0.00487,0.00778,0.03608
0.01381,0.00714,0.02361
0.00461,0.00554,0.05376
-0.01665,-0.01273,0.02144
0.00389,-0.00816,0.065
-0.00289,-0.0028,0.02738
0.01303,0.00042,0.04234
-0.02056,-0.00275,0.05479
0.02101,0.00019,0.02712
-0.01096,-0.00646,0.06193
-0.0061,0.0003,0.06158
-0.00674,-0.00237,0.04288
-0.01024,-0.00413,0.03091
-0.00514,0.00804,0.0406
-8e-05,0.00295,0.0507
-0.00549,-0.01471,0.06846
0.00739,-0.00217,0.01628
0.00764,-0.01437,0.05429
0.00845,0.01378,0.03696
0.00096,-0.00346,0.0611
-0.00199,0.01513,0.01765
0.00965,0.01546,0.02899
0.0094,-0.00818,0.03217
-0.01315,0.01079,0.05031
-0.01506,0.00537,0.0127
-0.01739,0.00852,0.04641
0.00644,-0.00577,0.02232
0.01127,-0.00947,0.03371
0.00765,0.00449,0.03537
-0.00827,-0.00734,0.01728
-0.0041,-0.01131,0.0389
-0.01922,-0.01291,0.03472
-0.00806,0.00252,0.04557
-0.00133,-0.01321,0.05938
-0.01437,0.00719,0.03222
0.01337,-0.01447,0.06339
0.0073,-0.00475,0.04873
0.0141,0.0143,0.03949
-0.00804,-0.00491,0.0739
-0.00384,0.00472,0.03205
-0.00627,0.02021,0.06056
-0.00201,0.00275,0.04649
-0.00067,-0.0037,0.06324
-0.00468,0.01296,0.02345
-0.00248,0.01206,0.03839
-0.04097,0.01861,0.05526
-0.00507,-0.00481,0.02398
-0.00463,-0.00022,0.04956
0.01479,0.00058,0.04406
0.01584,-0.00417,0.04474
-0.00385,0.0167,0.01921
0.01439,0.00756,0.06245
0.01155,-0.00837,0.076
0.0008,0.01414,0.04433
-0.01795,0.01514,0.05437
0.00769,0.01174,0.04572
0.01166,0.01289,0.02735
0.01625,-0.00916,0.05949
-0.01512,-0.00156,0.037
0.00426,-0.00184,0.03933
-0.01102,0.0024,0.02791
-0.01024,-0.0019,0.01368
0.02017,0.00071,0.05353
0.01136,-0.0193,0.05638
0.00518,0.00548,0.05302
-0.00626,-0.01025,0.04481
0.01851,-0.00272,0.01786
0.00055,0.00535,0.04143
-0.00908,0.02277,0.0328
-0.00153,-0.00468,0.02336
0.01005,-0.00226,0.04706
-0.00591,-0.00035,0.04591
0.00769,-0.0015,0.04657
-0.01435,-0.01518,0.02734
0.00398,-0.01912,0.04401
-0.00874,-0.01555,0.02109
0.00385,-0.00857,0.02027
0.00888,0.00581,0.03418
-0.00428,0.00146,0.06076
0.01047,0.00495,0.00427
-0.0061,-0.01642,0.05837
-0.00939,0.02336,0.02606
-0.01061,0.01581,0.003
0.00636,-0.00164,0.03109
0.01785,-0.01017,0.01488
-0.00831,0.00398,0.0272
0.00163,-0.00281,0.0329
0.00691,0.01563,0.0471
0.0052,0.00478,0.02021
-0.00356,-0.00302,0.03426
-0.00546,-0.00805,0.00194
0.00391,-0.00128,0.05668
0.01869,0.00338,0.03782
0.01356,0.0036,0.06105
0.00056,0.01637,0.04506
0.00156,0.02282,0.05772
-0.01246,0.00675,0.04236
-0.00075,0.00843,0.03538
0.00207,0.0056,0.05117
0.00373,0.00094,0.06072
-0.00798,-0.00033,0.05432
0.01016,0.00586,0.02821
-0.0157,-0.00065,0.04676
-0.00051,0.01159,0.02683
0.00283,0.01306,0.05722
0.00481,-0.01182,0.04084
-0.01321,-0.00436,0.03338
0.00804,-0.0162,0.0495
0.00011,-0.00948,0.0173
-0.01453,0.00178,0.04816
-0.00473,-0.00411,0.03857
0.00273,0.01057,0.04832
-0.00225,0.02268,0.0554
0.00989,-0.00396,0.02876
0.00285,0.01226,0.04827
-0.0161,-0.00048,0.07674
-0.00999,-0.00854,0.05537
0.00243,0.00108,0.03185
0.00052,0.01842,0.0435
0.01175,-0.007,0.0389
-0.00208,0.02507,0.03566
0.00498,0.01996,0.01195
-0.00495,-0.00061,0.04662
0.00536,-0.00127,0.04573
-0.01116,-0.02378,0.0457
-0.00291,0.01006,0.01646
0.00506,-0.01009,0.03118
0.00376,-0.01163,0.02387
-0.00497,-0.0083,0.04014
0.00917,-0.0094,0.05322
-0.02297,-0.00972,0.03769
-0.01766,0.0079,0.0428
-0.0021,-0.00665,0.01932
0.00229,0.00494,0.02969
0.00129,-0.00248,0.05638
0.0141,0.01797,0.02118
-0.00696,-0.01383,0.01974
0.00167,0.01475,0.05755
-0.00562,-0.00334,0.05979
-0.01049,-0.01005,0.05117
-0.00158,0.0029,0.03997
-0.01594,-0.00737,0.02258
0.0013,0.01261,0.02452
-0.00574,0.00708,0.01953
-0.0151,0.01996,0.04311
0.00305,0.01183,0.06649
-0.00114,-0.00059,0.00359
-0.00238,0.00983,0.0205
0.0028,-0.01308,0.07396
-0.02091,-0.00415,0.02514
0.00791,0.01075,0.04501
0.00723,0.01148,0.0187
0.0101,0.02123,0.02385
-0.00359,0.00554,0.07802
0.00528,0.0084,0.07015
0.01353,5e-05,-0.00816
-0.0023,0.0112,0.02401
0.00199,-0.01007,0.04365
-0.0205,-0.00953,0.04036
-0.00104,-0.00959,0.04714
-0.01714,0.00297,0.02197
0.00354,0.01126,0.03928
0.00192,0.0018,0.02206
-0.00573,-0.00361,0.03987
0.00065,-0.00096,0.05325
0.00913,0.00328,0.01901
0.00237,-0.0029,0.03427
0.01598,-0.00044,0.04379
0.0136,-0.00561,0.05986
0.00473,0.01472,0.06091
9e-05,0.022,-0.00306
0.01012,-0.0012,0.04021
0.00557,-0.0106,0.04758
0.00709,0.00173,0.04665
-0.01466,0.02328,0.0096
-0.00561,-0.00697,0.08456
0.00152,0.00388,0.04672
-0.00552,-0.00062,0.0176
0.00386,-0.00024,0.05406
-0.0031,0.00592,0.01595
0.01262,0.00282,0.00947
-0.00404,-0.01215,0.03299
0.01254,0.01984,0.03973
0.01745,0.0126,0.04904
-0.01095,0.0054,0.02703
0.00904,-0.0004,-0.01288
0.01171,0.00817,0.033
-0.01857,-0.0,0.04748
-0.00231,-0.00318,0.0252
-0.0094,-0.00304,0.05519
-0.00506,0.02238,0.06228
-0.00802,0.00597,0.02216
-0.01698,-0.00044,0.01822
-0.00735,-0.00758,0.05505
0.01427,-0.01364,0.0731
0.00051,-0.00013,0.08703
0.01481,-0.0015,0.06287
0.0138,-0.00213,0.04894
-0.01294,0.00256,0.05426
-0.00267,-0.01989,0.02452
0.0096,-0.00342,0.02752
-0.02706,-0.00742,0.01449
-0.01357,-0.01521,0.01705
-0.01173,0.02255,0.04917
-0.00161,0.01474,0.04605
0.00088,-0.01179,0.0504
0.01874,0.0138,0.05331
0.01686,-0.00519,0.09557
-0.00473,-0.00641,0.05666
-0.01563,-0.0004,0.0541
-0.01127,0.005,0.06186
0.00021,0.00361,0.05871
-0.00731,-0.00761,0.0218
0.00882,-0.00888,0.0299
-0.00458,0.00729,0.02662
-0.02475,-0.01134,0.03002
0.00067,0.00528,0.02125
0.00742,0.00701,0.03316
-0.00403,0.00265,0.05243
-0.01659,-0.00057,0.06354
-0.00626,0.00092,0.06055
-0.0113,-0.02183,0.06185
-0.00615,0.00663,0.06273
0.01007,0.00191,0.06832
0.01225,-0.0109,0.02206
-0.00251,0.00529,0.03801
0.01776,-0.00426,0.02128
0.01209,0.0032,0.00407
0.00729,-0.01374,0.03449
-0.01991,0.0083,0.02224
0.00534,-0.00472,0.03747
-0.0011,0.01081,0.04833
-0.00938,0.00153,0.0527
0.00811,0.0181,0.00497
-0.00749,0.01316,0.05116
0.00274,0.00633,0.06405
0.00343,0.01043,-0.01175
-0.00308,0.00867,0.05752
0.00525,0.00868,0.05439
-0.00263,-0.00846,0.00918
-3e-05,-0.01019,0.06192
-0.00201,-0.00527,0.03617
-0.00333,0.00307,0.07813
-0.01188,-0.00125,0.05843
-0.00676,-0.00309,0.04271
0.00122,0.01512,0.04644
-0.01216,-0.00983,0.03707
0.001,0.01327,0.04512
0.02573,-0.01344,0.06259
0.0051,-0.00611,0.01968
0.01151,0.00773,0.00646
-0.00634,-0.00932,0.08233
0.03824,0.00557,0.04367
0.01592,0.00605,0.03117
-0.0042,-0.01035,0.04754
-0.02081,-0.01737,0.04233
0.0053,-0.01046,0.07264
0.00076,0.01099,0.04995
0.00955,-0.01075,0.06444
-0.01054,0.00367,0.02423
-0.01233,-0.01012,0.03762
-0.02472,-0.00051,0.02018
0.001,-0.01082,0.05639
0.01669,-0.00304,0.0466
0.01553,0.01293,0.0539
-0.01923,0.00614,0.07977
0.01402,0.00564,0.02868
-0.01349,0.00047,0.03955
-0.00392,0.00656,0.04226
0.01533,-0.0049,0.0489
-0.00351,-0.00167,0.02328
-0.01342,0.00334,0.01447
0.00394,-0.01559,0.03941
0.01125,0.00405,0.02222
-0.00066,0.00142,0.02842
-0.01992,0.01703,0.04259
-0.01327,0.02188,0.03379
-0.00252,-0.0054,0.06108
0.02057,0.00269,0.04154
-0.0017,-0.00651,0.04742
-0.00321,-0.00852,0.05368
0.00206,0.00206,0.0593
0.01341,0.01131,0.0406
-0.02294,0.01629,0.06588
0.01388,0.02085,0.04578
0.00552,-0.0073,-0.01188
-0.00029,-0.00829,0.06062
-0.01094,0.00177,0.02299
-0.00517,0.01522,0.06942
-0.00944,-0.0112,0.04768
-0.01439,-0.00972,0.02796
0.00518,0.00558,0.02215
-0.00635,-0.00729,0.0514
0.00019,-0.01061,0.01506
-0.02939,0.00108,0.01549
-0.0007,0.01866,0.0239
0.00586,-0.00149,0.05213
0.00264,-0.00477,0.04305
0.00575,-0.00818,0.01836
0.00168,0.00791,-0.00873
-0.00326,-0.00081,0.03747
-0.01076,-0.00365,0.0558
0.00699,-0.00024,0.0257
0.01646,0.00253,0.06036
0.00054,-0.00163,0.07277
-0.01119,0.01011,0.04112
-0.01293,-0.0119,0.03406
0.00418,0.0003,0.02223
0.01526,-0.00278,0.04269
-0.00159,-0.0062,0.02775
0.01074,-0.00405,0.02202
-0.00842,-0.00125,0.06155
0.0096,-0.00926,0.03697
0.02907,-0.00378,0.04757
0.01459,-0.00247,0.04921
-0.0027,0.00484,0.06092
-0.00515,-0.00587,0.05076
-0.01185,0.01721,0.06169
0.00495,-0.01267,0.06545
-0.01068,0.01093,0.02497
-0.00416,0.0042,0.02763
-0.01555,0.0037,0.0541
0.01594,0.02227,0.03675
-0.00151,-0.01506,0.06741
0.00368,-0.01756,-0.01279
-0.00175,0.003,0.03753
-0.00641,-0.00647,0.06748
-0.00394,-0.01832,0.0447
0.00084,-0.00044,0.04869
-0.02041,0.0038,0.05499
-0.01211,-0.00443,0.04
0.02098,0.00173,0.03948
0.00651,-0.00113,0.03094
0.00374,0.00827,0.03088
-0.0071,-0.0073,0.04561
0.0128,-0.00525,0.0599
0.00192,-0.00885,0.06247
0.0054,0.00964,0.09904
0.00918,0.01524,0.04997
0.00481,0.01039,0.04399
0.00565,0.00598,0.00507
0.01635,0.00328,0.02845
-0.01019,-0.02342,0.0351
-0.00801,0.01169,0.01989
-0.00164,0.01417,0.04459
0.00227,-0.00335,0.06851
-0.00454,-0.01522,0.0094
-0.00319,-0.00259,0.08739
0.00393,0.00154,0.02107
-0.00178,0.00312,0.03202
-0.00713,0.00998,0.03796
-0.00815,-0.00366,0.01037
-0.01193,0.00437,0.03109
-0.00025,9e-05,0.04688
0.01267,0.00705,0.0047
-0.01189,-0.00458,0.03539
-0.00382,0.00101,0.06209
0.01687,-0.0069,0.05127
0.01105,-0.01752,0.0326
-0.01588,0.00065,0.03744
-0.00352,-0.00379,0.02019
-0.00719,0.0132,0.01024
-0.0158,0.0104,0.05942
0.00474,0.0134,0.04597
-0.01038,0.00924,0.07163
-0.00967,-0.00616,0.03405
-0.00104,-0.0105,0.01679
-0.00076,0.00603,0.04732
-0.00383,-0.01012,0.05922
-0.00518,-0.00054,0.07672
0.01557,-0.00375,0.00752
-0.00945,-0.00826,0.05261
0.0197,0.00049,0.03852
0.00446,0.01069,0.07246
0.00387,-0.01066,0.03174
0.00187,0.00577,0.02661
0.0194,-0.00403,0.03845
0.00307,-0.00763,0.03715
-0.00866,-0.01507,0.03897
0.00353,0.00346,0.03242
0.0,-0.00137,0.0718
0.01802,0.00227,0.05729
-0.00416,0.00219,0.03202
0.00177,-0.00202,0.02513
0.00875,-0.0101,0.02058
0.00276,-0.00146,0.04309
-0.00156,0.00021,0.0244
0.00711,0.00702,0.01056
-0.00552,-0.00377,0.02243
0.00923,-0.0028,0.0459
0.0046,0.01669,0.03764
-0.00291,-0.01375,0.05273
-0.00875,0.0043,0.03604
-0.00076,-0.01052,0.0406
0.00725,0.00072,0.01603
0.00724,-0.00162,0.06904
-0.00786,0.01158,0.04275
0.00625,-0.00824,0.04594
0.00626,-0.01152,0.04772
0.01015,0.002,0.06645
0.00227,0.00414,0.01881
-0.00033,-0.00472,0.04988
0.01114,0.00982,0.02881
-0.00156,0.00782,0.01115
0.00725,0.00599,0.0181
-0.00293,0.01667,0.04726
0.0001,0.00319,0.05159
-0.00645,-0.00051,0.06386
0.00699,0.00597,0.0507
-0.00314,0.01761,0.01088
-0.0043,-0.00145,0.02592
-0.00639,0.00085,0.05144
0.00999,0.00902,0.0415
0.00815,0.00976,0.02779
0.0003,0.01878,0.08465
0.00952,0.0094,0.03867
-0.00085,0.00321,0.07025
-0.01042,0.00613,0.06322
-0.01365,0.01526,0.01302
0.00186,-0.00192,0.04104
-0.00777,0.00383,0.02071
0.00888,-0.01211,0.03384
-0.00961,-0.00858,0.07733
-0.02364,0.00533,0.04305
0.00187,-0.00426,0.03421
0.01109,0.02631,0.06445
-0.00218,0.00759,0.01727
-0.00253,-0.00264,0.06201
0.01181,0.01397,0.0238
0.00447,-0.01195,0.02292
-0.00606,-0.00749,0.07254
0.2446,0.59016,0.07151
0.22869,0.51916,0.07787
0.36606,0.62827,0.04101
0.24568,0.91702,0.05709
0.09113,0.63324,0.0416
0.30586,0.62088,0.06941
0.17846,0.96208,0.04912
0.19177,0.45682,0.0617
0.19378,0.28346,0.08916
0.14742,0.62831,0.07994
0.36548,0.5315,0.06001
0.29709,0.47257,0.05587
0.24237,0.39368,0.08942
0.16485,0.25027,0.08164
0.33413,0.53955,0.07408
0.20414,0.77265,0.06753
0.41082,0.79978,0.0658
0.32059,0.26527,0.07918
0.34238,0.29956,0.03811
0.32544,1.0438,0.08057
0.21619,0.41535,0.08348
0.29728,0.29832,0.10311
0.25385,0.51118,0.07461
0.2515,0.59672,0.06209
0.23787,0.4808,0.07497
0.28794,0.58244,0.02609
0.35116,0.42679,0.08943
0.36577,0.65302,0.06868
0.27843,0.60828,0.09032
0.26474,0.50242,0.09224
0.24742,0.74233,0.08569
0.35044,0.44887,0.0851
0.17661,0.53559,0.06089
0.33069,0.48436,0.08029
0.23684,0.39824,0.04875
0.24279,0.52092,0.05077
0.25975,0.62599,0.06309
0.28728,0.52372,0.06463
0.21216,0.82308,0.06324
0.35198,0.51943,0.04164
0.29017,0.46801,0.08366
0.32067,0.44867,0.08913
0.19776,0.68479,0.05655
0.21143,0.56353,0.08472
0.31206,0.72759,0.07776
0.0645,0.43282,0.04263
0.31749,0.65377,0.04309
0.31792,0.29879,0.09554
0.31562,0.45282,0.09559
0.18151,0.67395,0.0587
0.29428,0.74685,0.04797
0.27558,0.63412,0.09958
0.14473,0.34016,0.04504
0.26389,0.55154,0.09802
0.19951,0.77902,0.05009
0.44227,0.60713,0.07112
0.35852,0.66985,0.09855
0.29786,0.57424,0.04375
0.2527,0.86401,0.04566
0.24156,0.96517,0.06476
0.25787,0.62763,0.06521
0.34905,0.85168,0.06239
0.39955,0.52108,0.07628
0.18983,0.38851,0.04647
0.21952,0.63771,0.09833
0.22923,0.81298,0.07691
0.08917,0.47466,0.06555
0.14726,1.06631,0.0786
0.21187,0.79329,0.07872
0.18736,0.75262,0.05086
0.23107,0.7648,0.10949
0.2637,0.59097,0.08041
0.21783,0.4912,0.0694
0.19058,0.78198,0.06443
0.21215,0.4007,0.10863
0.16199,0.2137,0.09777
0.14908,0.45515,0.06655
0.30159,0.63571,0.07977
0.16603,0.3848,0.07607
0.37931,0.37265,0.09514
0.22542,0.6207,0.06538
0.20742,0.59715,0.1043
0.26409,0.54725,0.03515
0.27884,0.49945,0.09951
0.36883,0.43825,0.06594
0.23796,0.79148,0.08628
0.19469,0.43968,0.06196
0.19913,0.58939,0.04463
0.18311,0.42689,0.06992
0.2453,0.69495,0.04374
0.16355,0.86245,0.06959
0.34648,0.47503,0.04106
0.19614,0.62124,0.061
0.19232,0.46751,0.04883
0.27186,0.51814,0.06373
0.18279,0.69715,0.05994
0.23418,0.4467,0.09116
0.26131,0.84912,0.07297
0.18625,0.4617,0.07649
0.30112,0.44337,0.08982
0.20735,0.44727,0.06921
0.21115,0.71534,0.07813
0.33871,0.64885,0.08614
0.29848,0.57255,0.07755
0.23725,0.45308,0.07016
0.34784,0.43747,0.08452
0.14136,0.65988,0.05997
0.29136,0.70134,0.03633
0.34609,0.69151,0.06916
0.23519,0.78842,0.09027
0.3779,0.22986,0.09288
0.30137,0.74984,0.07057
0.21837,0.408,0.07797
0.27459,0.5062,0.09657
0.37521,0.6243,0.09527
0.23091,0.47862,0.07666
0.22512,0.73555,0.08712
0.11272,0.25046,0.05129
0.2861,0.63451,0.06909
0.20384,0.38455,0.07302
0.16261,0.57252,0.11872
0.3125,0.48238,0.05783
0.23015,0.84979,0.05055
0.29811,0.82084,0.0961
0.27415,0.78245,0.06304
0.14992,0.52935,0.07289
0.32612,0.54594,0.11278
0.24819,0.38568,0.07379
0.1439,0.7204,0.09462
0.12405,0.58778,0.06083
0.14577,0.90359,0.04837
0.32674,0.47074,0.08898
0.41076,0.44443,0.08759
0.20602,0.4908,0.09123
0.17534,0.67828,0.05441
0.25349,0.7803,0.06982
0.21845,0.44442,0.0531
0.18683,0.40942,0.09113
0.35052,0.66675,0.06928
0.30998,0.48897,0.06505
0.13158,0.74157,0.0554
0.38169,0.39762,0.06202
0.15792,0.48041,0.05231
0.35494,0.56588,0.04464
0.23141,0.51859,0.0858
0.24268,0.89898,0.06912
0.26154,0.6007,0.0507
0.18,0.38838,0.06449
0.21468,0.39384,0.05113
0.36783,0.54056,0.07331
0.20362,0.6725,0.06577
0.27842,0.62744,0.07562
0.26508,0.52871,0.07761
0.12779,0.46095,0.04999
0.2163,0.75779,0.06071
0.2638,0.5318,0.04739
0.39604,0.72146,0.05849
0.30278,0.87195,0.08901
0.20833,0.52411,0.05438
0.24667,0.63146,0.08859
0.172,0.77423,0.04979
0.31893,0.66338,0.12706
0.16388,0.71953,0.05646
0.29824,0.21915,0.0844
0.28485,0.70523,0.05931
0.25875,0.67531,0.08344
0.13379,0.55867,0.07205
0.18852,0.71184,0.05352
0.24949,0.51919,0.08294
0.23458,0.63366,0.04793
0.24719,0.7675,0.06582
0.21174,0.79627,0.10092
0.39669,0.34485,0.06086
0.2219,0.62829,0.06212
0.37543,0.72875,0.06407
0.10697,0.68628,0.09021
0.17895,0.54924,0.0406
0.21053,0.60806,0.06946
0.32625,0.62599,0.06502
0.27027,0.83102,0.03668
0.29171,0.66719,0.07378
0.24206,0.67379,0.07073
0.21692,0.38848,0.05888
0.27262,0.71447,0.07835
0.24429,0.46084,0.06921
0.27858,0.63657,0.06807
0.27819,0.75188,0.08468
0.19079,0.49511,0.08722
0.31519,0.33483,0.03963
0.29839,0.79503,0.0922
0.19153,0.61267,0.09044
0.37729,0.49796,0.05939
0.29944,0.93369,0.06539
0.36008,0.95231,0.0539
0.17078,0.8934,0.06036
0.32812,0.82148,0.02628
0.16639,0.39601,0.07445
0.278,0.41352,0.05569
0.32395,0.46203,0.10232
0.27299,0.51535,0.07018
0.31468,0.54817,0.08014
0.20423,0.77934,0.06732
0.34192,0.44236,0.11373
0.34333,0.90039,0.08331
0.28211,0.68409,0.05248
0.27388,0.72576,0.07048
0.20981,0.59567,0.04245
0.20285,0.57471,0.06828
0.26277,0.57276,0.05766
0.17469,0.56209,0.09401
0.25043,0.51895,0.09342
0.362,0.45749,0.11292
0.23492,0.71265,0.06353
0.26981,0.87629,0.08027
0.25579,0.45216,0.08494
0.11106,0.46988,0.05941
0.24271,0.58926,0.10066
0.19894,0.3633,0.05871
0.31966,0.29575,0.02601
0.21281,0.47904,0.06468
0.32657,0.76385,0.05777
0.40914,0.39113,0.07869
0.1262,0.56425,0.06494
0.18408,0.66353,0.07173
0.36077,0.4826,0.04983
0.28648,0.71214,0.04586
0.34848,0.45578,0.07634
0.27598,0.63296,0.09512
0.22154,0.48878,0.06023
0.13655,0.43315,0.05047
0.36746,0.57659,0.05675
0.26069,0.25348,0.06731
0.22474,0.38998,0.08184
0.29608,0.42949,0.08381
0.25845,0.59298,0.04974
0.22652,0.58402,0.04106
0.36233,0.33384,0.08591
0.2379,0.55712,0.07569
0.25176,0.69748,0.01991
0.31261,0.63929,0.08494
0.17242,0.65085,0.09533
0.34135,0.91721,0.05281
0.20866,0.45341,0.12488
0.2375,0.55086,0.04357
0.22994,0.32176,0.05115
0.29226,0.79438,0.0938
0.19563,1.0998,0.0997
0.23978,0.71273,0.07235
0.32526,0.67974,0.06154
0.12315,0.58593,0.06372
0.38069,0.47516,0.06826
0.27186,0.53885,0.10022
0.28708,0.55976,0.10222
0.17382,0.46358,0.04521
0.17522,0.59901,0.10899
0.12344,0.58359,0.04202
0.23772,0.39472,0.06135
0.17528,0.46291,0.04985
0.23592,0.76375,0.07161
0.33347,0.72618,0.09476
0.23541,0.7004,0.09331
0.33712,0.32419,0.07766
0.22421,0.92275,0.05015
0.18586,0.82539,0.04445
0.27888,0.45117,0.08954
0.2328,0.59049,0.07373
0.26707,0.39546,0.05897
0.22311,0.71239,0.0988
0.25432,0.78741,0.07398
0.35927,0.96327,0.06395
0.21781,0.41914,0.07518
0.34174,0.57802,0.04725
0.18626,0.4462,0.06315
0.34402,0.87316,0.0571
0.21308,0.73486,0.0364
0.30148,0.71773,0.08842
0.19883,0.51168,0.04658
0.19455,0.58863,0.09727
0.35971,0.38262,0.08936
0.306,0.27344,0.06327
0.20703,0.38722,0.05069
0.30092,0.71893,0.07096
0.35266,0.24955,0.10437
0.14307,0.75075,0.06411
0.12958,0.40611,0.0709
0.32981,0.70651,0.06944
0.24563,0.62864,0.0461
0.32965,1.0011,0.07089
0.2568,0.60442,0.08991
0.18194,0.3741,0.09733
0.29955,0.40139,0.04599
0.28096,0.64087,0.04599
0.17089,0.9244,0.07052
0.32999,0.38745,0.0702
0.27726,0.85073,0.05746
0.26463,0.43381,0.0355
0.27739,0.57856,0.04345
0.22019,0.62813,0.07058
0.0635,0.55192,0.08178
0.30574,0.6642,0.08015
0.21349,0.4085,0.07185
0.29312,0.33648,0.05795
0.23087,0.67861,0.08493
0.24924,0.58901,0.07016
0.32471,0.50015,0.05624
0.18747,0.68881,0.07046
0.27333,0.3546,0.07668
0.18031,0.76179,0.08998
0.17297,1.0417,0.0834
0.46409,0.7774,0.09041
0.21233,0.95643,0.07215
0.25219,0.68137,0.07216
0.31172,0.84767,0.04684
0.28725,0.91846,0.07347
0.19643,0.54423,0.06451
0.23344,0.70413,0.05852
0.23782,0.68843,0.07754
0.21713,0.66279,0.08178
0.30982,1.04881,0.03903
0.25812,0.941,0.09632
0.19216,0.73071,0.05815
0.21274,0.6696,0.06783
0.2001,0.41887,0.03276
0.19066,0.5796,0.10049
0.26615,0.27408,0.06874
0.26351,0.734,0.07368
0.24418,0.2359,0.1011
0.18339,0.6394,0.05887
0.20287,0.34051,0.06127
0.328,0.77576,0.06104
0.29393,0.90093,0.06011
0.15211,0.65553,0.07884
0.36507,0.43003,0.02999
0.25517,0.51165,0.07081
0.12043,0.66053,0.04677
0.22931,0.36924,0.08711
0.29365,0.53964,0.0692
0.05191,0.7891,0.11668
0.36959,0.54223,0.07365
0.25298,0.47139,0.04697
0.27478,0.47838,0.05751
0.23743,0.58229,0.0483
0.37828,0.6588,0.09821
0.36675,0.4658,0.1028
0.13797,0.48068,0.07248
0.18565,0.73022,0.07315
0.17414,0.60694,0.08342
0.30725,0.58354,0.10472
0.23205,0.53162,0.06397
0.22259,0.39292,0.10305
0.23139,0.94639,0.09267
0.24659,0.71758,0.08001
0.23331,0.14421,0.08519
0.27896,0.92356,0.07227
0.26302,0.44136,0.07228
0.15897,0.72097,0.05201
0.28776,0.62162,0.04849
0.30759,0.769,0.07052
0.28922,0.44348,0.09796
0.26604,0.64949,0.08072
0.2828,0.66291,0.06279
0.26171,0.62088,0.05891
0.18686,0.53559,0.10024
0.30439,0.59475,0.03203
0.28355,0.66936,0.03961
0.21157,0.71152,0.03376
0.14346,0.76479,0.05934
0.34057,0.81328,0.0638
0.287,0.47068,0.05382
0.18315,0.83656,0.02767
0.28619,0.87201,0.05938
0.24196,0.47502,0.06263
0.24234,0.81557,0.03394
0.30425,0.42059,0.02295
0.18453,0.79298,0.07791
0.23374,0.33373,0.04067
0.20929,0.61686,0.08784
0.29157,0.72019,0.06001
0.29249,0.64014,0.07431
0.33379,0.57555,0.05379
0.11227,0.91432,0.05993
0.20056,0.56799,0.1091
0.26882,0.76063,0.08547
0.20454,0.4474,0.06454
0.3523,0.93413,0.07395
0.27066,0.63503,0.07988
0.30986,0.16263,0.07641
0.21756,0.31971,0.01685
0.13771,0.57629,0.09454
0.1648,0.35309,0.03984
0.28189,0.42082,0.0656
0.2745,0.7475,0.06285
0.22324,0.59211,0.07749
0.25125,0.42244,0.08978
0.30938,0.73954,0.0773
0.29191,0.54909,0.03758
0.21478,0.4053,0.08759
0.29557,0.52332,0.03978
0.30674,0.73929,0.05811
0.27924,0.59568,0.06024
0.2895,0.53202,0.0886
0.17289,0.61478,0.04081
0.22347,0.73799,0.0731
0.16939,0.33935,0.08364
0.24824,0.36955,0.04887
0.14419,0.97534,0.08984
0.19998,0.6696,0.04753
0.17996,0.7601,0.11111
0.37126,0.36331,0.06798
0.25882,0.53711,0.10542
0.26447,0.61333,0.06324
0.30613,0.69485,0.10916
0.37662,0.64658,0.03984
0.33239,0.43951,0.00756
0.23296,0.6074,0.04156
0.22801,0.86316,0.04397
0.16888,0.57368,0.10128
0.24678,0.77502,0.06847
0.06243,0.85387,0.08881
0.23416,0.80808,0.06134
0.30761,0.6359,0.10856
0.31556,0.52312,0.04256
0.11073,0.60102,0.05115
0.20221,0.10263,0.0668
0.19882,0.43229,0.03994
0.16903,0.48539,0.02812
0.35576,0.6835,0.09528
0.31647,0.71512,0.05495
0.31846,0.58588,0.07264
0.28471,0.43672,0.09588
0.39346,0.70836,0.0909
0.12027,0.4305,0.04963
0.23092,0.61152,0.07432
0.14689,0.68449,0.09331
0.23824,0.50259,0.07731
0.22206,0.38992,0.08406
0.4291,0.50442,0.09087
0.25953,0.50762,0.05707
0.19089,0.42524,0.05691
0.33457,0.61005,0.04637
0.14287,0.86814,0.0639
0.32632,0.52908,0.08076
0.12562,0.28003,0.0669
0.21069,0.71421,0.07002
0.23162,0.59168,0.05906
0.29863,0.46755,0.0633
0.30014,0.79242,0.06475
0.16182,0.43103,0.03593
0.20392,0.48259,0.05154
0.31387,0.94276,0.03074
0.22268,0.72869,0.06388
0.24525,0.26352,0.04665
0.42019,0.69644,0.05771
0.19045,0.38925,0.08864
0.39709,0.8426,0.07629
0.19885,0.44489,0.06198
0.22498,0.56165,0.07635
0.23096,0.98033,0.07839
0.19224,0.79218,0.06887
0.3294,0.40309,0.07693
0.27117,0.99372,0.07687
0.17677,0.52634,0.04302
0.39159,0.76289,0.06892
0.18075,0.51002,0.04692
0.14835,0.68477,0.07163
0.28872,0.39327,0.08935
0.26994,0.61807,0.08822
0.27173,0.64087,0.12061
0.32248,0.69383,0.09859
0.2072,0.29198,0.04229
0.17243,0.42459,0.04417
0.31625,0.74919,0.07541
0.22448,0.14758,0.08609
0.28154,0.84115,0.07188
0.3034,0.78666,0.0882
0.18216,0.68439,0.07866
0.13205,0.57112,0.07226
0.24182,0.07628,0.08722
0.22112,0.7845,0.06161
0.28066,0.72022,0.08852
0.28964,0.56634,0.0637
0.20689,0.85825,0.08032
0.1539,0.33296,0.06108
0.26473,0.58409,0.06592
0.26866,0.50532,0.06846
0.34729,0.07065,0.07302
0.19866,0.89043,0.07361
0.21885,0.6312,0.11835
0.1502,0.78708,0.07357
0.23817,0.93109,0.07413
0.20405,0.78056,0.07577
0.26873,0.73076,0.06134
0.26013,0.62888,0.1174
0.1818,0.39714,0.09746
0.23707,0.19083,0.04873
0.16011,0.51124,0.08591
0.36074,0.5365,0.08543
0.26401,0.71733,0.05976
0.2315,0.81466,0.06613
0.33961,0.74564,0.08343
0.65096,0.94333,0.07934
0.58711,0.56737,0.07828
0.5862,0.79938,0.11509
0.38649,1.22435,0.1284
0.51463,1.51663,0.04743
0.63757,1.19254,0.0765
0.32389,1.28994,0.06751
0.44256,0.69865,0.02785
0.57335,0.68757,0.08651
0.57258,0.76066,0.12123
0.46399,0.93978,0.08221
1.00924,0.72026,0.05611
0.77955,1.23961,0.10157
0.29615,0.55062,0.11539
0.56609,0.84761,0.115
0.29568,1.03149,0.11656
0.42885,0.63618,0.0867
0.46842,0.81958,0.07902
0.33685,0.95645,0.12479
0.61364,0.38689,0.05884
0.74621,1.06401,0.13452
0.52091,1.10441,0.10537
0.66641,0.85215,0.08218
0.58479,1.10664,0.10985
0.46408,1.19302,0.15299
0.54443,0.85606,0.12789
0.70942,0.63504,0.06667
0.97318,1.51231,0.11194
0.39075,1.11244,0.1404
0.33674,0.89792,0.08003
0.7751,0.80035,0.10259
0.47696,0.34207,0.10864
0.97027,1.08176,0.11919
0.5567,1.1833,0.11542
0.34014,0.95461,0.12316
0.50622,0.31429,0.09289
0.30959,0.92266,0.05176
0.82772,1.1555,0.11577
0.52663,1.36045,0.11555
0.33339,0.69969,0.10521
0.98584,0.90485,0.10014
0.59848,0.69289,0.12976
0.4155,1.17389,0.1158
0.55286,1.26623,0.09835
0.786,1.14437,0.06849
0.71764,1.14247,0.10778
0.87189,0.89244,0.07609
0.39505,1.03136,0.12775
0.56657,1.15316,0.0512
0.37603,0.99975,0.11122
0.68691,0.9738,0.08355
0.49633,1.11618,0.08152
0.68383,1.053,0.15647
0.76791,0.676,0.04936
0.56336,0.94102,0.1355
0.87696,1.34935,0.07938
0.6524,0.73534,0.10837
0.96791,1.18175,0.09798
0.6836,0.9577,0.08389
0.81091,0.87617,0.10041
0.50662,1.10633,0.07434
0.57304,1.07293,0.10185
1.0077,1.10275,0.10945
0.69438,1.17653,0.08711
0.72579,0.98416,0.06053
0.24128,1.24189,0.12149
0.36299,0.7463,0.14475
0.66686,1.17717,0.08448
1.12213,1.58198,0.09256
0.66559,0.9529,0.05393
0.63156,0.90623,0.10563
0.72279,0.90789,0.15549
0.5071,0.80956,0.12648
0.53921,1.18259,0.11839
0.71125,1.06092,0.1525
0.88308,0.94183,0.11279
0.84899,0.69057,0.1336
0.47503,0.53983,0.09337
0.78802,1.08514,0.13763
0.77773,1.19635,0.07187
0.75195,1.0423,0.0862
0.76159,0.85945,0.11635
0.53495,0.61421,0.0954
0.6062,0.68133,0.11174
0.86763,0.88357,0.0752
0.74281,1.00485,0.12096
0.8935,0.54929,0.08075
0.42273,0.9505,0.10411
0.34659,1.04996,0.0978
0.82794,0.90971,0.12524
0.65432,0.98236,0.09856
0.56787,1.19793,0.11059
0.67233,1.36336,0.12299
0.60811,1.17118,0.05118
0.65134,1.39602,0.0895
0.45979,1.18841,0.11178
0.46811,1.50459,0.11335
0.79674,0.8533,0.08295
0.31547,1.12299,0.09785
0.53635,1.20672,0.09534
0.75908,1.11448,0.11221
0.41109,0.52719,0.10091
0.39311,1.02169,0.10514
0.7296,1.02629,0.11204
0.36468,0.67974,0.02561
0.81247,0.97535,0.13177
0.56168,1.22553,0.07826
0.733,1.345,0.08487
0.30812,0.70191,0.0734
0.49517,0.96017,0.15726
0.63069,1.11433,0.13105
0.39679,1.38098,0.08919
0.58121,0.99184,0.10044
0.1368,0.66276,0.08794
0.65043,0.71998,0.10794
0.50458,1.03891,0.08651
0.53392,1.04933,0.08384
0.09747,1.11125,0.09518
0.72945,1.02945,0.0448
0.89872,0.90304,0.05199
0.66589,1.51649,0.06504
0.59298,0.38662,0.10854
0.65445,0.71119,0.10501
0.40591,1.39289,0.10554
0.55334,1.05709,0.0831
0.62585,1.22594,0.1259
0.21438,1.33047,0.07548
1.03455,0.80982,0.08292
0.85147,0.95361,0.12696
0.41719,0.94756,0.11809
0.63335,1.23417,0.0936
0.49457,0.96449,0.03314
0.70649,0.88252,0.12873
0.56269,0.88669,0.08093
0.47072,0.75609,0.06209
0.98266,0.97925,0.08089
0.29242,0.11179,0.12106
0.73485,0.92264,0.07873
0.64556,0.67207,0.1041
0.4375,0.95376,0.08482
0.72554,0.5139,0.08644
0.66537,0.85714,0.10364
0.5182,0.655,0.0877
0.74895,1.07272,0.12028
0.82481,1.24305,0.08271
0.84879,0.96664,0.10791
0.27164,0.99148,0.11884
0.51492,1.53411,0.08872
0.72389,0.79176,0.12778
0.82994,1.31031,0.13554
0.51763,1.16158,0.08456
0.51203,0.80877,0.06786
0.58068,0.2833,0.10311
0.51286,1.40726,0.13921
0.40921,0.98632,0.09578
0.84347,0.42695,0.0689
0.42819,0.87703,0.16194
0.23057,1.42165,0.09403
0.65866,0.59562,0.12412
0.3723,0.78133,0.07474
0.61554,0.76505,0.04837
0.60244,0.92994,0.08696
0.47327,1.25866,0.13026
0.78837,0.93285,0.06082
0.44962,1.27594,0.11041
0.62845,1.09202,0.08859
1.02063,1.13703,0.09592
0.77186,1.10795,0.08881
0.60037,0.99852,0.05975
0.61294,1.04668,0.07898
0.41678,0.84278,0.09672
0.67559,1.67442,0.03528
1.01381,1.26391,0.08833
0.38339,1.02623,0.09381
1.01154,0.72991,0.1477
0.61819,0.71015,0.04183
0.67739,0.8848,0.11003
0.48615,0.93639,0.06434
0.3788,1.02724,0.13891
0.82584,1.11768,0.13116
0.75229,0.81488,0.10794
0.67433,0.81614,0.08152
0.60769,1.42626,0.11066
0.67448,1.05753,0.13632
0.79299,0.74785,0.06876
0.54504,1.25625,0.0764
0.50159,1.10567,0.12876
0.45321,1.18426,0.09901
0.59222,1.15959,0.10873
0.58777,0.99031,0.10976
0.74728,1.0596,0.08304
0.62083,1.5554,0.12481
0.47471,1.11713,0.12857
0.60437,1.07288,0.07991
0.7132,1.28411,0.10752
0.35612,1.55904,0.06865
0.74355,1.06861,0.08899
0.93305,1.11034,0.14585
1.09673,0.87668,0.12707
0.60172,0.90753,0.04092
0.50647,0.75713,0.07667
0.69419,1.11146,0.10214
0.46941,1.14299,0.13445
0.27392,1.33047,0.15873
0.679,0.93383,0.08159
0.75491,1.21111,0.1069
0.13631,0.64441,0.15668
0.63934,0.75941,0.13924
0.46903,0.66016,0.12387
0.67637,1.3934,0.06207
0.28521,1.08828,0.11758
0.57097,1.44868,0.08361
0.69825,1.28778,0.09618
0.74476,1.20681,0.02409
1.06927,0.90283,0.05491
0.4473,0.82311,0.12029
0.68066,0.6741,0.0609
0.81145,1.08701,0.11572
0.67106,1.05415,0.1145
0.77056,1.06535,0.05266
0.44154,1.39277,0.087
0.93374,1.11369,0.15139
0.89653,0.97866,0.1275
0.64048,0.89439,0.11915
0.17162,1.2761,0.13273
0.88201,1.0258,0.07563
0.59491,1.44294,0.1057
0.33965,1.01707,0.07411
0.47182,1.03087,0.09599
0.8633,0.87669,0.12438
0.83799,0.77042,0.08646
0.72318,1.55723,0.1189
0.70982,0.93433,0.09315
0.55003,1.07396,0.07462
0.74528,1.08487,0.13728
0.90104,1.02404,0.08638
0.51086,1.34858,0.11202
0.70853,0.75492,0.0801
0.91758,1.155,0.09042
0.42489,1.40925,0.09229
0.96132,1.16418,0.11376
0.69249,0.99437,0.12493
0.49837,1.31335,0.11744
0.71943,1.04558,0.12529
0.82934,0.73374,0.06111
0.74974,0.88926,0.03967
0.50158,0.83376,0.1094
0.3192,0.94896,0.12704
0.75275,0.97663,0.0684
0.38122,1.36755,0.08735
0.68501,1.11533,0.10664
0.6103,1.17195,0.08592
0.60597,1.31595,0.04709
0.54461,1.08796,0.07144
0.91229,0.54729,0.10382
0.4572,0.76461,0.12432
0.19082,1.0339,0.10273
0.34407,0.9577,0.1101
0.35041,0.49342,0.15161
0.38122,1.07168,0.1223
0.30159,1.31226,0.12818
0.60533,0.86941,0.13312
0.74184,1.31746,0.09275
0.68969,0.99529,0.08162
0.72567,1.29963,0.06165
0.85916,1.11118,0.09318
0.98989,0.59878,0.08481
0.77182,0.78595,0.14236
0.73439,0.70006,0.10658
0.36096,0.96373,0.11491
0.35177,1.18509,0.12194
0.33486,1.24854,0.09287
0.87209,1.19597,0.11119
0.4636,1.08999,0.09269
0.81146,1.26174,0.10468
0.52528,0.88959,0.06542
0.55585,1.34135,0.07095
0.81156,0.98004,0.09446
0.8105,1.37057,0.07376
0.70866,1.06282,0.09179
1.04685,1.20521,0.0891
0.34324,1.33443,0.05984
0.55891,0.82236,0.11908
0.88132,0.85006,0.06334
0.60464,0.86817,0.11032
0.53968,0.67392,0.13862
0.5878,1.23526,0.08905
0.49033,0.92724,0.10707
0.7245,0.73603,0.13395
0.92986,0.9974,0.05084
0.55129,0.78162,0.10686
0.83465,1.32755,0.05233
0.65604,0.92968,0.13352
0.55398,1.08133,0.10683
0.44987,0.91846,0.10443
0.65155,0.80346,0.08073
0.85348,0.92798,0.15753
0.54625,1.12098,0.12906
0.71486,0.7738,0.12682
0.45792,0.63611,0.11262
0.71877,0.9234,0.03366
0.54634,0.99709,0.11248
0.4834,1.06949,0.11122
0.21939,1.22676,0.08065
0.52052,1.01468,0.09867
0.54521,1.14153,0.12687
0.68781,0.76771,0.13794
0.80589,0.95562,0.10148
0.5178,0.88397,0.14381
0.70863,0.84129,0.09202
0.53042,1.19027,0.10492
0.66124,0.64361,0.11901
0.33865,1.02203,0.11002
0.53038,0.92871,0.10302
0.57303,1.36341,0.10293
0.64357,0.84281,0.11081
0.68911,0.92166,0.04658
0.81864,1.41407,0.09756
0.33325,0.77609,0.08698
0.78834,0.94388,0.10906
0.76176,1.18693,0.08072
0.4767,0.96784,0.05761
0.71869,1.11509,0.05963
0.47236,1.08343,0.12042
0.66619,1.13114,0.10591
0.49505,0.92508,0.11699
0.53945,0.81388,0.10472
0.64417,1.36123,0.08916
0.78004,0.66158,0.14382
0.74863,1.43851,0.12643
0.68446,1.04375,0.05869
0.58662,1.16623,0.09443
0.77023,0.92686,0.12751
0.77373,0.89224,0.15591
0.32383,1.22025,0.07281
0.82603,0.88845,0.16218
0.76362,0.66899,0.09909
0.54299,0.58825,0.07571
0.52056,0.79224,0.1066
0.56911,1.39527,0.05693
0.68536,0.63166,0.08336
0.63177,0.64043,0.08544
0.29327,0.70969,0.12507
0.69198,0.86456,0.09188
0.67917,0.89089,0.1344
0.64091,1.19913,0.03008
0.63864,0.94809,0.11617
0.53394,1.17834,0.10013
0.76671,1.22322,0.07234
0.28636,1.10664,0.10575
0.95595,0.98744,0.16497
0.37167,1.41541,0.13771
0.41715,1.13734,0.09095
0.25649,0.60463,0.11103
0.40117,0.86341,0.10238
0.48791,0.48175,0.03137
0.45607,1.21583,0.10546
0.72459,1.2805,0.1493
0.82183,1.01452,0.13611
0.66089,0.85089,0.13269
0.48992,1.1207,0.10258
1.14889,0.97651,0.10038
0.63921,0.84969,0.0954
0.74191,1.19462,0.1171
0.53839,0.816,0.13836
0.47852,1.21433,0.10699
0.79295,1.06973,0.09923
0.97709,0.87972,0.11973
0.76484,0.85173,0.1277
0.55359,0.91487,0.09295
0.67891,0.62028,0.08072
0.87604,1.37921,0.10105
0.82031,0.88238,0.08092
0.34613,0.82954,0.05398
0.40241,0.9932,0.10201
0.62425,0.54525,0.0665
0.33474,0.78949,0.10227
0.66638,0.89315,0.10655
0.57625,1.39833,0.09515
0.69584,1.27406,0.12277
0.4097,0.58699,0.04048
0.19236,1.01487,0.07815
0.46151,0.66438,0.12761
0.66836,0.57307,0.08571
0.56605,1.15693,0.05763
0.82297,1.64247,0.10336
0.54491,0.88738,0.07364
0.50975,0.54432,0.06698
0.52245,0.88552,0.09184
0.93276,0.31096,0.13413
0.56824,0.78759,0.11136
0.34922,0.77615,0.12841
0.52626,0.67311,0.10425
0.70027,1.02593,0.08928
0.85197,0.998,0.12345
0.41014,1.12338,0.07613
0.16435,0.89873,0.15605
0.63605,1.11671,0.10653
0.61048,1.02014,0.13881
0.67551,0.59302,0.06856
0.48524,1.18016,0.13563
0.57906,1.35716,0.07852
0.71812,0.75683,0.08628
0.70103,1.02059,0.09162
0.47871,1.43898,0.12752
0.42301,1.11558,0.09238
0.55328,1.10573,0.11868
0.70045,0.90127,0.0911
0.53489,0.96789,0.10993
0.89791,0.78974,0.08225
0.34521,0.571,0.11293
0.61921,0.78848,0.10357
0.47738,0.8623,0.15082
0.70526,0.57748,0.11675
0.53861,0.56119,0.11948
0.90796,1.37435,0.12065
0.74992,0.69326,0.08848
0.88802,0.69328,0.12824
0.70432,0.92968,0.07757
0.74583,0.71102,0.12729
0.2886,0.92187,0.10281
0.57921,1.24636,0.10031
0.59825,0.96942,0.08419
0.35975,0.91749,0.11001
1.02567,0.78608,0.10875
0.67328,0.81115,0.12443
0.78722,0.83088,0.10193
0.71788,1.03285,0.1479
0.85856,0.94268,0.15863
0.29841,0.60906,0.08458
0.43255,1.37949,0.08174
0.56651,0.94499,0.11644
0.29439,1.23604,0.11088
0.29958,1.0678,0.09002
0.47077,1.28612,0.1238
0.67796,0.946,0.12656
0.55042,1.33341,0.10438
0.50641,1.24797,0.10758
0.62416,0.96491,0.09799
0.45588,1.16872,0.13719
0.41241,1.02457,0.11785
0.73144,0.66541,0.08009
0.58343,1.23307,0.09211
0.46523,0.53611,0.05754
0.83599,0.97763,0.08866
0.4453,0.96315,0.0616
0.9054,0.73474,0.08277
0.93568,1.12929,0.1544
0.85448,1.13391,0.08121
0.7291,0.83616,0.10039
0.59781,1.36705,0.09291
0.63692,1.5036,0.10496
0.28816,0.7888,0.07774
0.53559,1.03263,0.11154
0.49132,0.83658,0.0946
0.59196,0.5605,0.0698
0.48286,0.78388,0.09084
0.42776,1.37305,0.11218
0.47692,0.44827,0.0741
0.58183,1.10942,0.0774
0.6269,1.23889,0.12301
0.38623,0.61245,0.03123
0.45083,0.87128,0.11647
0.59638,0.64502,0.16182
0.42261,0.74165,0.11516
0.7344,1.1165,0.14192
0.53821,1.07999,0.12602
0.47625,1.31735,0.07796
0.82158,1.16977,0.1045
1.07156,0.83439,0.15527
0.70721,1.14669,0.10516
0.72862,0.70867,0.09391
0.61674,1.06825,0.08598
0.50937,0.95656,0.10486
0.63097,1.03696,0.11422
0.79066,1.28512,0.08304
0.64151,0.53373,0.07934
0.50296,1.43643,0.0848
0.20792,0.95729,0.07066
0.52224,1.30707,0.1524
0.71924,0.83349,0.09765
0.66978,1.21625,0.07839
0.6775,1.0296,0.11083
0.94081,1.04878,0.1415
0.73918,0.57218,0.11311
0.57466,1.23331,0.06694
0.41505,0.75603,0.07852
0.45408,0.82709,0.04884
0.56744,0.92968,0.09466
0.52901,0.98326,0.14682
0.34843,1.02672,0.16181
0.33706,0.85611,0.0656
0.6487,1.04665,0.16271
0.69655,1.29424,0.09192
0.46906,1.43713,0.1134
0.66328,0.63017,0.11498
0.51602,0.61083,0.07072
0.31133,1.12529,0.09037
0.75453,0.73894,0.10832
0.61636,0.8853,0.11069
0.63418,1.79137,0.15442
0.81875,0.92681,0.20015
1.03472,1.49499,0.14867
0.96526,1.53627,0.22923
0.4034,1.32905,0.12762
0.95312,1.0595,0.1812
0.74754,1.49634,0.12316
0.93739,1.96062,0.18751
0.86359,1.77692,0.12619
0.82179,1.59247,0.09209
0.63597,1.58912,0.16195
0.54242,1.79386,0.16425
0.59285,1.4966,0.14745
0.88873,1.41134,0.11652
1.00933,1.57537,0.13337
0.805,1.2318,0.09633
0.91949,0.77082,0.15244
0.89709,1.29346,0.10129
0.88992,1.47305,0.17927
0.61219,1.4855,0.15563
0.87269,0.99458,0.13513
0.62607,1.32894,0.17936
0.62006,1.44272,0.13455
0.7383,1.26579,0.12714
0.9937,1.53587,0.1502
0.80359,1.7332,0.10979
0.89143,1.32661,0.16339
0.82284,1.46107,0.11307
0.64622,1.2171,0.15651
0.81025,2.13713,0.14419
0.6341,1.89605,0.13588
0.79664,1.58941,0.14616
1.38856,0.79098,0.13896
0.74015,2.03897,0.13876
0.95215,1.20029,0.11777
0.77944,1.40822,0.08817
0.87537,1.82861,0.17174
0.72972,1.16585,0.19437
0.81155,1.51842,0.11631
0.5511,1.25249,0.15445
1.22418,1.51867,0.17952
0.72307,1.34009,0.16384
1.05619,1.71973,0.1122
0.88089,1.44715,0.1567
0.82034,1.6868,0.15349
0.89702,1.60438,0.13458
0.75429,1.30859,0.09816
0.85782,2.2227,0.13081
1.08896,1.55422,0.14317
0.69007,1.579,0.11233
0.84942,2.16374,0.17193
0.87334,1.07442,0.15466
0.74707,1.6308,0.16862
1.16144,1.27702,0.15084
0.8531,1.59847,0.14377
0.88416,1.49494,0.13554
0.49568,1.417,0.14029
0.82076,1.54834,0.10661
0.67065,1.89336,0.10017
1.06885,0.67864,0.14193
0.74892,1.75085,0.18314
0.71123,1.86086,0.09703
0.70859,1.17335,0.16903
1.23021,1.28028,0.13757
0.51986,1.49115,0.12727
0.97681,1.67692,0.14199
1.00422,1.19949,0.11296
0.65798,1.19125,0.14129
0.91074,1.63746,0.10958
0.57398,1.71342,0.11936
0.55108,1.36736,0.12126
0.89969,1.3732,0.13885
1.13102,1.46928,0.16834
0.82505,1.12186,0.15483
0.90875,1.53467,0.1325
0.83363,1.58197,0.16272
0.63041,1.62567,0.14868
0.76655,1.68941,0.13222
0.72209,1.25559,0.17987
0.74156,1.03206,0.17654
0.63242,1.84362,0.21776
0.92091,1.29107,0.19043
0.64877,1.4225,0.11425
0.68408,1.8112,0.12102
0.97009,1.53258,0.15154
0.97123,1.48926,0.10978
0.64983,1.09198,0.1497
0.59873,1.84363,0.10679
0.76003,1.75582,0.14606
0.25272,1.69798,0.17069
0.61916,1.98182,0.10734
0.73797,1.89349,0.18428
0.75932,1.50149,0.16849
0.87027,1.59687,0.16135
0.57629,1.15627,0.14308
1.01105,1.63444,0.16345
1.03242,1.74257,0.13335
0.76116,1.57769,0.12311
1.22072,1.30692,0.15236
0.97034,1.56649,0.12791
0.53671,0.98757,0.16182
1.02284,1.43691,0.11712
0.77995,1.42401,0.12041
0.92412,1.31847,0.13624
0.73889,1.40059,0.1607
0.72048,1.70989,0.14718
0.60438,1.61224,0.15491
0.83213,0.64594,0.13923
0.77755,1.54144,0.13303
1.04837,1.69423,0.1569
0.85417,1.15905,0.13169
0.8575,1.81886,0.16923
0.83763,1.44141,0.13482
0.54694,1.54518,0.14777
0.94972,1.66026,0.17467
1.02361,1.7243,0.10055
0.72205,1.32377,0.17794
0.47667,1.20872,0.1152
1.22589,1.35265,0.13884
0.70434,1.53399,0.08011
0.91983,1.54269,0.09246
0.74964,1.26652,0.12917
0.79775,1.24993,0.09533
0.93746,1.03176,0.16854
0.78918,1.08275,0.17183
0.69216,1.51097,0.16587
0.66892,1.30922,0.11022
0.9035,1.47307,0.15591
0.81518,1.55241,0.07899
0.60126,1.60246,0.13881
0.90116,1.73942,0.12147
0.6834,1.49951,0.16637
0.77494,2.07269,0.10726
0.7296,1.08101,0.18261
0.73915,1.63867,0.11354
0.56978,1.48159,0.23606
0.91632,2.1079,0.12603
0.54435,1.14375,0.11784
0.73091,1.63763,0.14293
0.81455,1.45056,0.14711
1.00862,1.73706,0.1552
0.90669,1.76,0.13264
0.81405,1.58493,0.18453
0.76559,1.44225,0.09326
0.64113,1.24864,0.10792
0.87988,1.5121,0.13585
0.92923,1.8194,0.13639
0.43381,0.77211,0.14557
1.15765,1.68396,0.13859
0.97025,1.91088,0.08439
0.96256,1.6128,0.09499
0.81547,1.24501,0.09874
0.8671,1.29955,0.1351
0.52627,1.49398,0.13602
0.57426,1.81843,0.08178
1.0066,1.89101,0.15549
0.56044,1.38716,0.16395
0.76007,1.32404,0.1355
0.66423,1.69067,0.13085
0.81356,1.29823,0.06878
0.84789,2.34289,0.08349
0.90632,1.52391,0.13749
1.08201,1.88977,0.18219
0.5051,1.64747,0.17885
0.82937,1.88937,0.15959
0.84954,2.01868,0.12398
0.78792,1.70714,0.18085
0.92425,1.64169,0.14601
0.86265,0.98942,0.11685
0.52959,1.44343,0.16746
0.91966,1.32663,0.18269
0.62585,1.44133,0.20544
0.61589,1.53837,0.15482
1.14921,1.30827,0.18191
0.94243,1.72639,0.08693
0.82575,1.03824,0.20896
0.82898,1.37321,0.1422
0.5302,1.525,0.18511
0.65112,1.0033,0.14231
0.96035,1.31454,0.19144
0.76381,1.66663,0.12726
0.79319,2.44898,0.09766
0.83789,1.83194,0.18746
1.01202,1.39753,0.14072
0.66917,1.57262,0.06594
1.07063,0.82323,0.15589
0.83313,1.7609,0.08403
0.99217,1.42169,0.18204
0.89068,1.4925,0.11407
0.58456,1.51172,0.14184
0.92092,1.39221,0.17008
0.88175,1.11861,0.12374
0.74752,1.77015,0.14728
0.93372,0.99868,0.16857
0.88179,1.40969,0.14238
0.70094,1.2456,0.11809
0.77236,2.15293,0.1976
0.79805,1.70727,0.09031
0.61876,2.23473,0.20859
0.84721,1.6755,0.20107
0.75279,2.10304,0.17076
0.84117,1.53957,0.14861
1.05119,1.54023,0.1191
0.98115,1.68227,0.14685
1.10727,1.24221,0.1378
0.86331,1.4785,0.13233
0.58627,1.15485,0.11956
0.70367,1.63971,0.19453
0.7432,0.92221,0.12771
0.6619,1.29846,0.1512
0.75351,1.37569,0.17805
0.81314,1.63841,0.18516
0.94839,1.15824,0.11539
0.89841,1.50055,0.14773
0.77647,2.10137,0.12399
0.92224,1.40469,0.15778
1.1988,1.65124,0.14338
1.23231,1.65481,0.08568
0.69701,1.34281,0.10555
0.47497,1.05732,0.1398
0.866,1.75309,0.10612
0.84327,1.87703,0.17605
0.87352,1.89085,0.09508
0.75333,1.72231,0.13504
0.55714,1.41954,0.17814
0.96172,1.83972,0.14106
0.77628,1.49331,0.118
0.83767,1.05352,0.13911
0.89117,1.23909,0.13544
0.68084,1.31003,0.15973
0.74576,1.39758,0.16273
0.81242,1.18438,0.16638
1.01718,1.21165,0.12738
0.64324,1.02769,0.17389
0.66773,1.46975,0.08767
0.65104,1.18326,0.10472
1.08434,1.7335,0.12447
0.90661,1.40502,0.09762
0.77345,2.01823,0.07424
0.56882,1.45658,0.12394
0.99998,1.53572,0.15499
0.54866,0.86395,0.18066
0.63762,1.87227,0.10167
0.76396,1.46926,0.10673
0.70981,1.19957,0.14797
0.68177,1.33465,0.12709
0.84853,1.46009,0.1243
0.98792,1.3544,0.17151
1.05595,1.25119,0.10577
0.71608,1.61762,0.13202
0.47648,1.38033,0.08095
0.74043,1.59817,0.13364
0.96476,1.71835,0.13394
1.0189,0.94109,0.11326
0.85662,1.05808,0.14671
0.72263,2.2734,0.20494
1.03035,1.69974,0.13659
0.4363,1.40863,0.12318
0.8993,1.76784,0.08847
1.04078,0.96467,0.14435
0.98821,1.14036,0.15944
0.77792,1.74288,0.06238
1.04126,1.03563,0.20999
0.9825,1.77118,0.12938
0.87823,1.5783,0.1084
0.77242,1.3258,0.11637
0.71991,1.54505,0.09825
0.6588,1.72856,0.15115
0.53942,1.57353,0.17536
0.77372,1.55824,0.15352
0.81346,1.75527,0.12897
0.92461,1.98985,0.13993
0.62918,2.01184,0.13557
0.80469,1.48604,0.13175
0.90764,1.52296,0.12291
0.64366,1.51002,0.14612
0.76286,1.90581,0.14855
0.60222,1.19922,0.14581
0.89596,1.4779,0.12978
0.55043,1.50761,0.11534
1.0125,1.7113,0.1526
0.89577,1.9054,0.14874
0.84858,1.67847,0.1611
0.88064,0.68016,0.15101
1.24193,1.1352,0.15683
0.37125,1.78562,0.13858
0.68625,1.19487,0.17823
0.8712,1.44733,0.12951
0.83321,1.88426,0.1172
0.62272,1.119,0.22419
1.09976,1.90412,0.1247
1.04292,1.60365,0.1292
0.56329,1.2472,0.13816
0.58976,1.16329,0.15457
0.72135,1.50547,0.13263
0.53213,1.834,0.10029
0.9476,1.33812,0.1758
0.20334,1.12076,0.11111
1.119,1.42917,0.12288
0.6601,1.30179,0.07637
0.77521,1.43184,0.13287
0.58126,1.55467,0.15071
0.50682,1.86802,0.14667
0.77539,1.64646,0.12557
1.05472,1.70537,0.14134
0.90521,2.04956,0.13304
0.92683,1.16174,0.13746
0.39621,1.64621,0.17538
0.90919,1.60325,0.13483
0.96253,1.70591,0.08559
0.55909,1.85074,0.12053
0.60213,0.90338,0.12793
0.74685,1.61795,0.09514
0.76778,1.19217,0.11479
0.85909,1.74054,0.11689
0.82505,1.71419,0.13117
0.49527,1.80197,0.16981
0.97143,0.46941,0.14469
0.96987,1.23691,0.1313
0.92026,1.77762,0.15027
1.15831,1.64332,0.15323
0.75627,1.84939,0.14635
1.14717,1.43178,0.16295
0.96108,1.61133,0.16443
0.84113,1.42857,0.09033
0.4287,1.48515,0.13474
0.61072,1.45085,0.14298
0.71485,1.69405,0.0934
0.90646,1.61432,0.16717
0.84805,1.39905,0.15871
0.75638,1.51557,0.10614
0.62595,1.53201,0.1334
0.89265,1.70129,0.14267
0.54539,2.26799,0.17882
0.93412,1.69783,0.12166
0.46844,1.38608,0.14141
0.73468,1.77321,0.1622
0.7124,1.39787,0.14639
0.55772,1.35678,0.12996
0.85915,1.60735,0.14685
0.88223,1.74033,0.09694
0.7855,2.16868,0.10463
0.7059,1.53007,0.13889
0.85405,1.55769,0.11411
0.88077,1.37385,0.18707
0.8332,1.29105,0.0942
1.06733,1.30003,0.12189
0.87874,1.10782,0.13423
0.66868,1.05392,0.15718
0.54551,1.41968,0.11894
0.56634,1.40194,0.10296
0.87178,1.48273,0.12684
1.05324,1.31422,0.17632
0.93273,1.73125,0.04933
0.26047,1.57425,0.1433
0.76159,1.30392,0.16957
1.0622,1.25411,0.15486
0.88861,1.29745,0.1398
0.72957,1.16709,0.11223
0.83408,1.85515,0.13506
0.50447,1.98744,0.1887
0.78997,1.20638,0.11489
0.41695,1.45906,0.1584
0.56408,1.69768,0.1611
0.85837,1.15684,0.11333
0.78341,1.43978,0.12596
1.03762,1.77967,0.14487
0.56761,1.77645,0.11565
0.75831,1.60484,0.15722
0.56184,1.36593,0.10274
1.07402,1.83087,0.12943
1.04977,1.33318,0.10488
0.77248,1.54764,0.17077
1.07303,0.67564,0.11407
0.59911,1.49558,0.14848
0.79882,1.35792,0.18842
0.91507,1.65411,0.15051
0.53305,1.86948,0.13259
0.64663,1.47235,0.16115
0.80977,1.29516,0.12798
0.51652,1.3192,0.16195
0.95507,1.42223,0.13272
0.88526,2.10422,0.1619
0.72892,1.78926,0.13566
0.48927,1.23262,0.13873
0.8553,1.49624,0.14491
0.60653,1.27439,0.13772
0.34036,2.13733,0.14563
0.95559,1.26495,0.17654
0.99822,1.92792,0.13503
0.85197,1.05056,0.09737
0.9706,1.77667,0.13689
0.7358,1.79966,0.12448
0.3367,1.26629,0.12274
1.15133,1.18659,0.14199
0.60491,1.05147,0.18504
0.66543,1.89522,0.10737
0.57452,1.47095,0.13468
0.7657,1.7075,0.09802
0.84547,1.35812,0.14285
0.86582,1.11806,0.176
0.74222,0.77812,0.14837
0.67113,1.32675,0.12217
0.93403,1.37539,0.18325
1.1032,1.03538,0.20326
0.62462,1.37326,0.13549
0.77007,1.23133,0.12299
0.62701,1.18041,0.14808
0.76788,1.64686,0.17883
0.82988,1.63311,0.15052
0.86583,1.92801,0.16524
0.59669,1.73186,0.15589
0.58343,1.31165,0.07516
0.91507,1.42222,0.11484
0.6181,1.45293,0.13751
0.79787,1.31902,0.13522
0.69437,1.08657,0.1421
0.86378,1.21317,0.11283
0.83781,0.99703,0.1028
0.74853,1.44082,0.15598
0.76329,1.93252,0.12021
0.96454,1.81526,0.17169
0.75261,0.88603,0.16904
0.94278,1.62076,0.14015
1.01058,1.59791,0.15394
0.83594,1.24197,0.09232
0.64757,1.64474,0.17296
0.8144,1.91408,0.18552
0.93155,1.53931,0.17861
0.91389,1.52659,0.14517
0.65452,1.19383,0.11031
0.57433,1.30308,0.12005
0.90701,1.65608,0.13881
0.94604,1.38233,0.18297
0.98008,1.40205,0.15388
0.56647,1.37141,0.17394
1.02063,1.87695,0.11938
0.91628,1.10092,0.14792
0.80292,1.56342,0.11496
0.77274,1.80743,0.14409
0.79991,1.86517,0.168
0.53791,1.73992,0.15813
0.95471,1.87764,0.10267
0.97129,1.29602,0.067
0.65197,1.75213,0.13588
0.98313,1.29934,0.08599
1.07754,1.48272,0.09542
0.69374,1.15291,0.1243
0.77934,0.97454,0.17555
0.3916,1.98814,0.1323
0.81597,1.56059,0.14583
1.29304,1.45972,0.14308
0.61426,1.98591,0.10642
0.32618,1.36751,0.13931
0.91519,1.44376,0.1113
0.7805,1.06772,0.11086
1.01638,1.68357,0.12236
0.8378,1.24669,0.12126
0.66151,1.42927,0.16079
0.54526,1.36945,0.16159
0.83486,1.42154,0.10476
0.99992,1.79592,0.12191
0.62494,1.39714,0.13286
0.86163,1.22059,0.10068
0.86917,1.5341,0.05858
1.04546,1.24647,0.1497
0.87361,0.90157,0.1913
1.00891,1.88038,0.20342
0.94,1.45592,0.11497
0.55018,2.29932,0.16671
0.97344,1.28185,0.16575
0.68114,1.0403,0.12268
0.59103,1.3339,0.14635
0.66767,1.68319,0.1501
0.74877,1.15392,0.14192
0.75231,1.4244,0.10293
0.68017,1.07369,0.12771
0.59866,1.64364,0.15061
1.2448,1.31094,0.14661
0.35438,1.39749,0.12873
0.91781,1.64935,0.20533
0.77388,1.85403,0.09562
0.5048,1.50131,0.12862
0.63043,1.8861,0.18189
0.61584,1.73965,0.14188
0.75085,2.13036,0.15576
0.68437,1.60891,0.14117
0.93516,1.3487,0.157
0.7593,1.38431,0.15786
0.6805,2.08586,0.13364
0.95435,1.71183,0.20411
0.80572,1.43634,0.1357
0.76523,2.04812,0.14806
0.98005,1.45339,0.16775
0.64708,1.52694,0.10099
1.18943,1.58161,0.15455
0.63291,1.83568,0.13642
0.86218,1.65597,0.07291
0.78356,1.33183,0.14181
0.72254,1.68267,0.17889
1.38861,1.74246,0.17927
1.01991,1.54418,0.15945
1.33632,1.66101,0.21455
1.53162,1.57629,0.21203
1.29236,1.06763,0.24411
1.43566,1.35826,0.20288
1.04339,1.43341,0.19499
1.21213,1.32976,0.19392
1.23713,1.45466,0.19438
1.51881,1.1349,0.20795
0.8342,2.14602,0.17152
1.28302,1.31046,0.2025
1.44612,1.41465,0.18245
1.60503,0.90065,0.23566
1.39905,1.26713,0.19708
1.18254,1.13467,0.22173
1.4043,1.13165,0.16715
1.10799,1.65697,0.23141
1.02046,1.25244,0.18852
1.4788,0.96221,0.17975
1.23102,1.70864,0.22361
1.23047,1.3455,0.19889
1.17704,1.25209,0.18295
1.27524,1.41296,0.19681
0.81633,1.55333,0.25505
1.30434,1.61614,0.2394
1.52507,1.55372,0.2589
1.40492,1.66096,0.20044
1.38421,2.09784,0.15235
0.97121,1.66902,0.21198
1.41668,1.87289,0.25502
1.51643,2.04378,0.18779
1.45325,0.98173,0.17176
1.51548,1.44368,0.27109
1.38745,1.51912,0.20495
0.96929,1.82214,0.18161
1.47793,1.38502,0.23396
1.36443,1.33422,0.19234
1.06876,1.66721,0.21924
0.95147,1.69043,0.16091
1.32326,1.7054,0.19402
1.12442,1.72084,0.16369
1.49114,1.57639,0.16624
1.20193,2.0472,0.18589
1.01471,2.02956,0.19296
1.36869,1.39396,0.1863
1.13899,1.49552,0.23193
1.46627,1.46376,0.23247
1.18221,1.64307,0.2443
1.0458,1.43634,0.16514
1.20829,1.66623,0.19945
1.43951,1.50247,0.1473
1.14129,1.2576,0.18099
1.36018,1.37677,0.20597
1.14309,1.57781,0.24089
1.15957,1.76377,0.13039
0.90325,1.99013,0.21115
1.21143,1.22431,0.19777
1.53136,1.32104,0.13261
1.31758,1.2124,0.20901
1.21688,1.62984,0.21083
1.15869,1.89303,0.17094
1.3769,1.67153,0.16452
1.2265,1.45442,0.17688
1.8219,1.54828,0.15495
1.39419,1.51539,0.20116
1.21348,1.50902,0.20767
1.26929,1.42545,0.21376
1.33815,1.59552,0.2095
1.34611,1.473,0.14676
1.25743,1.77081,0.19409
1.46891,2.17993,0.18787
1.33723,1.62521,0.19523
1.37945,1.47525,0.18936
1.38902,1.00461,0.20821
1.49957,1.40264,0.22029
1.35039,1.18929,0.23106
1.51228,1.06751,0.17147
1.46617,1.6372,0.20433
1.27856,1.00259,0.21555
1.17591,1.47783,0.17269
1.49557,1.31678,0.17879
1.60471,1.73127,0.16099
1.7092,1.20892,0.1961
0.85857,2.00198,0.23811
0.98869,1.5317,0.18864
1.32208,1.48316,0.14259
1.20422,1.83285,0.1849
1.22235,1.58111,0.19327
1.54116,1.80064,0.21636
1.14483,1.72399,0.16081
1.57423,1.4485,0.20825
1.28024,1.95853,0.22206
1.24589,1.56365,0.22761
1.23372,1.21794,0.14893
1.39367,1.69038,0.19138
1.37044,1.58496,0.18212
1.33471,1.31223,0.18575
1.06164,1.25396,0.17721
1.24601,1.87778,0.1879
1.18204,1.38567,0.19499
1.34606,1.11958,0.20593
1.2115,1.33826,0.22788
1.25046,1.4552,0.22188
1.28878,1.73273,0.21448
1.33667,1.26898,0.19619
1.63564,1.74306,0.15411
1.19053,1.50369,0.17825
1.34383,1.79163,0.20264
1.28005,1.95568,0.18424
1.00481,1.0007,0.15596
1.10678,1.63887,0.23714
1.51686,1.44809,0.17158
1.37298,1.27367,0.23697
1.05479,1.26712,0.17226
1.40063,1.22458,0.19534
1.29239,1.588,0.231
1.32862,1.26122,0.1822
1.22695,1.69254,0.17975
1.12552,1.44329,0.15651
1.32851,1.98015,0.13937
1.24228,1.61004,0.17302
1.13054,1.93893,0.21225
1.38603,1.18405,0.22689
1.16487,1.35873,0.20331
1.3765,1.86913,0.21645
1.26616,1.05567,0.22386
1.58112,1.63554,0.1777
1.23336,1.59059,0.18469
1.14401,1.12913,0.18266
1.42571,1.19184,0.13131
1.46008,1.24136,0.1571
1.39597,1.27709,0.1885
1.30883,1.3304,0.19223
1.43726,1.44607,0.21892
1.74981,1.44911,0.21165
1.4244,1.65832,0.20488
1.53299,1.40447,0.18871
1.82859,1.33895,0.21814
1.38246,1.62607,0.20639
1.53852,1.60631,0.20894
1.7531,1.40073,0.2473
1.40409,1.49885,0.28112
1.32857,1.42871,0.17564
1.49454,0.93743,0.22375
1.51578,1.2254,0.17208
1.4557,1.7384,0.23411
1.24929,1.21626,0.23789
1.17115,1.4743,0.21787
1.33303,1.47273,0.20751
1.28248,1.73175,0.22809
1.33579,1.59108,0.26282
1.05436,1.48443,0.2356
1.41817,1.59909,0.15164
1.10614,1.73487,0.19582
0.9819,1.29316,0.16458
1.10152,1.07777,0.167
1.16209,1.3738,0.21194
1.18412,1.34197,0.14139
0.99412,1.75898,0.16516
1.0829,1.2969,0.18915
1.52619,1.76108,0.18321
1.30812,1.42141,0.23481
1.16106,0.89476,0.21195
1.1309,1.08106,0.2343
1.52781,1.62607,0.18469
1.61505,1.31112,0.19716
1.36294,1.78335,0.20102
1.55966,1.80383,0.21046
1.1419,1.05295,0.19648
1.35718,1.62855,0.22844
1.30225,1.75181,0.20192
1.60404,1.70599,0.17547
1.11079,1.44556,0.20248
1.54423,1.18449,0.20229
1.2165,1.35764,0.24163
1.39369,1.53361,0.17767
1.00179,1.45698,0.20619
1.10792,1.72862,0.24304
1.23302,1.6892,0.23906
1.33104,1.42215,0.16097
1.47341,1.34507,0.2155
1.43016,1.21129,0.16526
1.2416,1.58041,0.22489
1.46524,1.42183,0.20838
1.09391,0.97024,0.20156
1.00967,1.25449,0.15717
1.53555,1.32137,0.19838
1.32204,1.19266,0.19983
1.31454,1.70478,0.2287
1.04941,0.79815,0.21059
1.35954,1.12065,0.24216
1.19434,1.76259,0.21798
1.18068,1.44989,0.26512
1.40446,1.51471,0.12976
1.44444,1.25616,0.23187
0.86435,1.95624,0.20888
0.98453,1.41665,0.17909
1.58385,1.51779,0.22102
1.6562,1.3301,0.14958
1.35408,0.81585,0.17523
1.38875,1.78774,0.16199
1.43246,1.62075,0.23935
1.30025,1.68073,0.19892
1.20709,1.59212,0.20317
1.31807,0.93603,0.20445
1.32087,1.46687,0.24881
1.6083,1.46072,0.23287
1.29096,1.23975,0.18782
1.15151,1.44006,0.21628
1.48004,1.51605,0.21642
1.53659,1.39302,0.18492
1.15278,1.69209,0.19801
1.27022,1.38169,0.16242
1.09698,1.48696,0.31098
1.2486,1.04922,0.22689
1.42316,1.39264,0.17707
1.09166,1.19368,0.20042
0.9774,1.22584,0.24292
1.4348,0.77485,0.17906
1.68532,2.02377,0.23172
1.49324,1.44994,0.14911
1.44733,1.95926,0.21359
1.72277,1.8791,0.20766
1.32519,1.35323,0.15996
1.34523,1.52672,0.2217
1.11364,1.67463,0.19285
1.30828,1.77157,0.20642
0.99215,1.55383,0.22166
1.35939,1.8604,0.18108
1.35415,1.67199,0.13439
1.21765,1.44565,0.1958
1.121,1.15861,0.25454
1.42551,1.08164,0.2344
1.25413,1.52012,0.20951
0.76454,1.49727,0.11817
1.42264,1.49941,0.17298
1.35242,1.7283,0.21797
1.28305,0.80958,0.2299
1.0511,1.41082,0.24078
1.68871,1.77346,0.21098
1.14192,1.79857,0.18823
1.14701,1.54797,0.21872
1.22243,0.85706,0.25615
1.06036,1.93234,0.16385
1.38411,1.55405,0.18754
1.111,1.49458,0.18778
1.60148,1.2882,0.19228
1.53724,1.17507,0.24451
1.15311,1.37986,0.2104
1.48205,1.85394,0.18776
1.56251,1.15982,0.18506
1.00426,1.33256,0.22185
1.17077,1.18488,0.21477
1.44958,1.9326,0.23601
1.40567,1.53313,0.25323
1.07879,1.11411,0.19169
1.27284,1.69357,0.13374
1.38254,1.93367,0.13307
1.60159,1.99836,0.15191
1.20895,1.84868,0.19528
1.07084,1.43979,0.18952
1.31664,1.63346,0.25231
1.36903,1.5221,0.173
1.63814,1.63503,0.20147
1.43934,1.79424,0.20459
1.60034,1.34826,0.20937
1.54366,1.38266,0.13979
1.09924,1.66652,0.18669
1.19391,1.81022,0.14393
1.38222,1.1088,0.15759
1.32884,1.84054,0.14324
1.30091,1.26991,0.22742
1.42587,1.0275,0.18215
1.1821,1.61987,0.18905
1.30515,1.01396,0.22233
1.41493,2.16179,0.20534
1.35065,1.21271,0.22234
1.3617,1.31254,0.15135
1.16705,1.82936,0.19025
1.23945,1.31328,0.17367
1.27196,1.83313,0.19791
1.11232,1.41634,0.2189
1.06805,1.42745,0.23811
1.33754,1.87811,0.19953
1.88206,1.29609,0.2022
1.40091,1.3303,0.1788
1.22631,1.55035,0.17642
1.12771,1.59621,0.19012
1.53331,1.68788,0.18981
1.43397,1.81952,0.22568
1.21247,1.39338,0.18341
1.28197,1.30067,0.19731
1.37538,1.23562,0.24081
1.42505,1.36587,0.16695
0.99966,1.26965,0.19341
1.28415,1.54642,0.1536
1.12088,1.07054,0.23049
1.58299,2.15877,0.18853
0.71757,1.622,0.17756
1.53168,1.07433,0.15977
1.50309,1.44577,0.20291
1.07772,1.96185,0.21329
1.27491,1.89344,0.1817
1.015,1.73262,0.18886
1.26032,1.25517,0.15381
1.51744,1.23649,0.13558
1.54223,1.37714,0.204
1.23505,1.25326,0.18491
1.09692,1.39355,0.22259
1.43568,1.36154,0.22112
1.12538,1.34115,0.19097
1.4401,1.4046,0.24011
0.94542,1.11219,0.19167
1.18573,1.30726,0.22494
1.37921,2.45879,0.19506
1.07395,1.67379,0.25534
1.37974,2.21589,0.21629
1.38535,2.01559,0.15995
1.27441,1.41929,0.27505
1.34485,1.52026,0.19805
1.28613,1.26816,0.24468
1.42335,1.57988,0.19398
1.47656,1.18279,0.20302
1.0838,0.9961,0.2004
1.02151,1.28593,0.19421
1.43963,1.57982,0.17877
1.15945,1.62896,0.20059
1.11251,1.82991,0.19195
1.3046,1.18906,0.12847
1.49117,1.34821,0.22078
1.05622,1.89457,0.16199
1.29247,1.596,0.21365
1.60658,0.8896,0.20526
1.19908,1.70875,0.2302
1.08348,0.99804,0.20529
1.28156,1.93699,0.16956
1.56924,1.72915,0.24676
1.53087,1.50926,0.14421
1.62574,1.59335,0.21122
1.57,1.94644,0.23797
1.27447,2.03443,0.20346
0.91687,1.8226,0.24586
1.11205,1.60104,0.18825
1.36386,1.78682,0.1881
0.63673,1.24746,0.21995
1.09285,1.7663,0.17331
1.50718,1.0743,0.21616
1.07756,2.13784,0.20668
1.24863,1.63958,0.19803
1.48903,1.56315,0.15838
1.49131,1.59647,0.23079
1.37385,1.79802,0.17586
1.22279,1.69349,0.21595
1.18773,1.46496,0.20289
1.38569,1.61638,0.16744
0.9902,0.99332,0.19093
1.54389,1.22453,0.16656
1.34948,1.36533,0.18647
1.27822,1.49752,0.26162
1.39541,1.45143,0.19081
1.27216,1.47206,0.20097
1.33595,1.38579,0.22544
1.24864,1.67193,0.21215
1.16051,1.58457,0.26696
1.53052,0.64,0.18652
1.29867,1.42769,0.1746
1.30732,1.27309,0.13386
1.30362,1.41067,0.17052
1.27636,1.01619,0.20109
1.43292,1.57315,0.22786
1.13698,1.88214,0.14429
1.2305,1.61911,0.1765
1.1801,1.91423,0.23343
1.55948,1.33649,0.10493
0.99815,2.02637,0.16746
1.38508,1.82641,0.12976
1.59676,1.45618,0.24063
1.34045,1.56297,0.25873
1.48534,1.58087,0.15676
1.33916,1.36985,0.18671
1.21542,2.11117,0.21274
1.44891,1.42977,0.23893
1.33781,1.63231,0.23922
1.24183,2.40668,0.20817
1.56433,1.8761,0.24706
1.15846,1.10766,0.22496
1.02493,1.13667,0.1887
1.58337,1.88209,0.19146
1.04261,1.41903,0.19966
1.2697,1.23526,0.16339
0.98865,1.6102,0.20145
1.16624,1.88439,0.17183
1.37732,1.17006,0.18041
1.48195,1.91453,0.22507
1.32652,1.70847,0.25862
1.6318,1.84673,0.18578
1.28861,1.28749,0.18597
1.16999,1.60123,0.21722
0.71878,1.80128,0.16265
1.43725,1.94112,0.20382
1.71738,1.43765,0.24157
1.10517,1.20999,0.2308
1.48943,1.63893,0.19205
1.61087,1.50553,0.22276
1.28178,1.4777,0.21359
1.42834,1.39683,0.15518
1.25145,1.44497,0.2072
1.34958,1.74867,0.24203
1.27491,1.70416,0.23053
1.83059,1.56478,0.19875
1.25639,1.39352,0.19648
1.4647,1.86608,0.18122
0.85544,1.84333,0.19029
1.20266,1.17032,0.16783
1.1817,2.0226,0.19521
1.25047,1.13916,0.17671
1.1221,1.66749,0.23914
1.65865,1.49675,0.1871
1.24913,1.82085,0.2009
1.29732,1.95688,0.2027
1.20333,1.38772,0.25218
1.39077,1.7189,0.21676
1.40968,1.60875,0.20822
1.14496,0.86046,0.25954
1.41735,1.27059,0.1885
1.19447,1.70923,0.17509
1.49356,2.2129,0.21721
1.13255,1.43456,0.17966
1.32758,1.97924,0.17415
1.01786,0.99476,0.19766
1.37234,1.333,0.20571
1.75896,1.80111,0.1962
1.53863,1.88749,0.20007
1.53827,1.36145,0.15961
0.92703,0.5483,0.22377
1.21385,1.54084,0.1725
1.22886,1.62777,0.224
1.67655,1.78414,0.20295
1.45948,1.37246,0.17819
1.23566,0.95676,0.1857
1.57465,1.52204,0.21858
1.36971,1.70729,0.20256
1.36828,1.96355,0.23042
0.93328,1.92506,0.1793
1.24137,1.61631,0.17707
1.23444,1.82485,0.2454
1.04448,1.52083,0.17983
1.14706,2.24152,0.13919
1.2262,1.58207,0.15892
1.54205,1.35094,0.1977
0.85929,2.04421,0.20028
1.36421,1.61529,0.18649
1.17558,1.14954,0.11201
1.3829,1.28664,0.17503
1.60612,1.03068,0.18906
1.05161,1.25597,0.17732
1.41087,1.22155,0.20025
1.00193,1.79141,0.13027
1.09309,1.83109,0.26114
1.24909,1.04435,0.21192
1.09533,1.5355,0.22803
1.30414,1.33853,0.2207
1.16987,1.63271,0.20716
1.33657,1.52737,0.17297
0.96997,1.24354,0.1252
1.4031,1.42589,0.1924
1.47045,1.12535,0.22759
1.02541,1.87612,0.23831
1.38375,1.24788,0.23131
1.45169,1.41961,0.21117
1.484,1.39746,0.14539
1.71086,1.49885,0.21654
1.50122,1.48196,0.19632
1.38029,1.414,0.15286
1.18554,1.67806,0.2021
1.2861,1.427,0.15825
1.42696,1.39415,0.22691
1.37658,1.50194,0.14651
1.41763,1.26523,0.21159
0.80781,0.99633,0.13617
1.33625,1.96467,0.16363
1.33889,1.15447,0.24167
1.39123,1.63129,0.17066
1.26602,1.80772,0.23775
1.27145,0.8491,0.19602
0.86967,1.44934,0.20067
1.31041,1.55001,0.2321
1.22882,1.70424,0.23574
1.08155,1.50063,0.17655
1.24086,1.22528,0.2431
1.0393,1.53429,0.20352
1.53874,1.24803,0.20415
1.19293,1.77346,0.22176
1.57234,1.83511,0.21484
1.48314,0.87198,0.27173
1.59085,1.6445,0.16716
1.3446,1.40464,0.16075
1.22703,1.57144,0.19722
1.36741,1.15112,0.15354
